videoId,videoTitle,extracted_motion,category
_kjeQW-RNyw,WSDC 2025 Grand Final,"TH prefers a world with a strong belief in seriti ",culture;philosophy
_o-XHGe0UAA,UADC 2025 Open Grand Final,"In states facing armed insurgencies, THS the deployment of Private Military and Security Contractors at all critical resource extraction sites in exchange for joint contorl",military
lHL0R4rN9Vg,UADC 2025 EFL Grand Final,THP a world where all major religions did not obligate their followers to go on religious pilgrimages GOV: BSU CCO OPP: BUP AMS ---- Opp won,religion
sUH3dnzLMm0,Panama WUDC 2025 Open Finals,"This House Supports the shift away from the traditional left-right spectrum in the politics of major democracies OG BQDC A OO Sydney B CG Dartmouth A CO Oxford C Milos MarjanovicⒸ , Alice Bertoni , Dennis Su , Erasmus &quot;9 fingers only&quot; Mawuli Segbefia , Jack Stanley , Martha McKinney-Perry , Max Rosen , Paula Djakovic , Tengku Omar Azfar Haqqani CG won",culture;politics
m4lxeOCiOys,Panama WUDC 2025 ESL Finals,"This House, as the Holy See, would adopt the "two-speed Church" policy,politics
LD4ixYDPuXQ,Panama WUDC 2025 EFL Finals,"This House Believes That Trumpism is in the long-term interest of the Republican Party",;politics
RG53F3qSBW8,Panama WUDC 2025 Open Semifinals Pt2,This House Would militarily intervene in Sudan,military
Z8ZFbzYE1y0,Panama WUDC 2025 Open Semifinals Pt1,This House Would militarily intervene in Sudan,military
c3SrSaGEWg0,Panama WUDC 2025 Open Quarterfinals,This House Believes that it is in the interest of the USA to significantly reduce the size and power of federal government agencies,media;politics
bBuFrywKJVA,Panama WUDC 2025 ESL Semifinals,This House Opposes the increased shift to subscription based business models,technology
08Axk2jtq5c,Panama WUDC 2025 Open Octofinals,This House Opposes the prominence of the trauma plot in media and art,media;narrative
SFWz9wKwvuM,Panama WUDC 2025 Round 7,This House Prefers the citizen welfare standard to the consumer welfare standard,artificial intelligence;economics;environment;law;philosophy
8hLYp8Ox6MU,Panama WUDC 2025 Round 6,This House Supports the rise of specialised private equity firms and funds that focus on specific sectors or geographies,
tCrVGvuPocs,Panama WUDC 2025 Round 5,that ousted Bangladesh's ruling Awami League government and led to the establishment of a politically neutral interim government,artificial intelligence;education;philosophy;politics
_hOn3KFxqlI,Panama WUDC Round 4 Pt2,This House Believes that feminists in Western Liberal Democracies should adopt reconciliatory rather than confrontational approaches in their advocacy,philosophy
AgF79eQluvw,Panama WUDC 2025 Round 4 Pt1,This House Believes that feminists in Western Liberal Democracies should adopt reconciliatory rather than confrontational approaches in their advocacy,philosophy
GB5vfh7x2bE,Panama WUDC 2025 Round 3,This House Believes that US involvement in Panama has benefitted Panama,media
Pak7I10BKCA,Panama WUDC 2025 Round 1,that are clearly delineated (e,education;environment;media;narrative
yLCQ_rp6YKM,Panama WUDC 2025 Round 2,This House Opposes confidence culture,artificial intelligence;culture;development;media
ayBAkyu2qJA,Krabi ABP 2024 Open & EFL Finals,"thwestern coast of Madagascar, known for their deep connection to the sea",artificial intelligence;culture
5ReipJ8VY6I,LSE Open 2024 Open Semifinals,THBT Narendra Modi's tenure as Prime Minister has done more harm than good for India,
jhZJYUIgfQk,LSE Open 2024 Round 2 C,"that is an advanced artificial intelligence-driven humanoid machine equipped with a range of sensors, cameras, and communication devices",artificial intelligence;conflict;law;military;politics
epA2rsWyP38,LSE Open 2024 ESL Final Part2,THBT Narendra Modi's tenure as Prime Minister has done more harm than good for India OG: Tartu A OO: Athens A * DLO did not consent to recording CG: burning trashfire CO: Balkan Girls * MO did not consent to recording OO wins on a 3-2 split,
Sdzo-MTsors,LSE Open 2024 ESL Final Part1,THBT Narendra Modi's tenure as Prime Minister has done more harm than good for India OG: Tartu A OO: Athens A * DLO did not consent to recording CG: burning trashfire CO: Balkan Girls * MO did not consent to recording OO wins on a 3-2 split,
JeW_hOW70sw,LSE Open 2024 Open Final,that would maintain the current status of the climate,artificial intelligence;environment;tourism
z-psm84s6Q8,LSE Open 2024 Open Quarterfinals B,"THBT European football leagues should require teams to include a minimum of five domestic players in their starting line-up OG: Princeton/McGill LR OO: Ninja Pagongs CG: drink on us for guessing which of us debates on their birthday *max of one guess per person, the drink will be tournament yakka, T&Cs apply CO: Asian John and White Yoko OG and OO progressed",philosophy;sport
iF7HKl7oNlM,LSE Open 2024 Open Quarterfinals A,"THBT European football leagues should require teams to include a minimum of five domestic players in their starting line-up OG: Harish and Matt OO: Extending into your mum&#x27;s dm CG: Dr Strangelove or How I Learned to Stop Worrying and Love the Bin CO: We came here to end racism and win debates, and we're all out of racism OG and CO progressed",philosophy;sport
PNjaMg56KgY,LSE Open 2024 Round 5 B,"THS the current economic decline of China Results: CO, OO, OG, CG PM Taha Iqbal 77",artificial intelligence;conflict;economics;politics
x1Im_6L-gCA,LSE Open 2024 Round 5 A,"THS the current economic decline of China Results: OO, CO, CG, OG PM Dylan McCarthy 78",economics;politics
Xvazburi7aU,LSE Open 2024 Round 4 C,"This House Believes that modern rap and hip-hop has done more harm than good for women Results: CO, OO, CG, OG PM Rumen Marinov 80",media;politics
h5Xw3opE1wA,LSE Open 2024 Round 4 B,"This House Believes that modern rap and hip-hop has done more harm than good for women Results: OO, OG, CO, CG PM Fraser McConachie 81",artificial intelligence;media;politics
7gr5gOfP-40,LSE Open 2024 Round 4 A,"This House Believes that modern rap and hip-hop has done more harm than good for women Results: OO, CG, OG, CO PM Matt Caito83",artificial intelligence;media;politics
PmUAh2qfGwY,LSE Open 2024 Round 3 B,"TH, as Putin, regrets Russia's invasion of Ukraine in 2022 Results: OO, CO, OG, CG PM Maurice Coutiel75",artificial intelligence;conflict;politics
wV7x8P2kefI,LSE Open 2024 Round 3 A,"TH, as Putin, regrets Russia's invasion of Ukraine in 2022 Results: OG, CG, OO, CO PM Aniket Chakravorty 83",artificial intelligence;conflict;politics
45n0fT8Cyak,LSE Open 2024 Round 2 B,"This House Prefers a world with the mass replacement of human police officers with Robocops to a world with no Robocops.",artificial intelligence;conflict;law;military
YI89yBO-lhE,LSE Open 2024 Round 2 A,"This House Prefers a world with the mass replacement of human police officers with Robocops to a world with no Robocops.",artificial intelligence;conflict;law;military
WM7e0YtXRI8,LSE Open 2024 Round 1B,that is affiliated with a particular religious tradition or denomination,artificial intelligence;conflict;culture;education;religion
qVijCSdOIoo,LSE Open 2024 Round 1A,that is affiliated with a particular religious tradition or denomination,artificial intelligence;culture;education;religion
oy_zE6G7Qzs,Vietnam WUDC 2024 Open Grand Finals,This House opposes the norm to prefer the natural to the artificial,media
YVj0Zl6w0Xo,Vietnam WUDC 2024 Open Semifinals (Part 2),that invests in sovereign debt that a government is refusing to pay back (distressed debt),politics
4xF5Nu675PE,Vietnam WUDC 2024 Open Semifinals (Part 1),that invests in sovereign debt that a government is refusing to pay back (distressed debt),politics
5Elgthsky4E,Vietnam WUDC 2024 ESL Semifinals,"that if a single entity or person acquires a large enough stake, the company will issue shares",artificial intelligence
zuscRZBlwG8,Vietnam WUDC 2024 Open Quarterfinals,"that regime, and instead concentrating on the future",artificial intelligence;conflict;politics
zcyN2x02PnY,Vietnam WUDC 2024 EFL Semifinals,This House prefers a diverse number of highly competitive banks to a small number of banks,
7AM3EHo9sAE,Vietnam WUDC 2024 ESL Quarterfinals,th issues affecting the specific individuals involved in the attack),artificial intelligence;conflict;philosophy
v1Gmk0VQ-ho,Vietnam WUDC 2024 Open Octofinals,This House opposes the stigma against laziness OG: McGill A OO: Cambridge B CG: Princeton A CO: Zagreb A OG and CO progressed https://wudc2024,artificial intelligence
w7Wk1qXj2ZA,Vietnam WUDC Training - Argument Construction,,artificial intelligence
mw8PVl0Golw,Vietnam WUDC 2024 Demo Debate,This House supports the remilitarisation of Japan,artificial intelligence;military
zFbXK6afiH8,Vietnam WUDC 2024 Round 3 (Part 2),This House believes that opposition parties in illiberal democracies should strongly pivot towards empowering women as the primary focus of their campaign https://wudc2024,artificial intelligence;conflict;philosophy
gFmy_3UhuBw,Vietnam WUDC 2024 Round 3 (Part 1),This House believes that opposition parties in illiberal democracies should strongly pivot towards empowering women as the primary focus of their campaign,artificial intelligence;conflict;philosophy
NcSI-Z-Qovg,Vietnam WUDC 2024 Round 2,that governments can consider disadvantage in policy-making,education;politics
48H6CIIDTOk,Navigating Africa's Economics (Vietnam WUDC Training),,artificial intelligence;economics
WpUhmYVB9JY,A deep dive into the Politics and IR of Latam (Vietnam WUDC 2023),Three times WUDC EFL Finalist https://www,artificial intelligence;politics
ImR8juaLda0,Diliman Debate Open 2023 Open Final,"THBT postmodernism in higher education studies has done more harm than good OG: The reverse of eating (Kotaro Yoshida, Ricky Jin) OO: UNSW Leslie-Keefe & Stajic (Branko Stajic, Conna Leslie-Keefe) CG: USU B (Matthew Toomey, Charlie Ryan) CO: USU Freeland & Bakker (Isabella Freeland, Eugene Bakker) *PM did not consent to having their speech livestreamed OO won (4-1 split) https://dilimandebateopen",education
liPdIzvAEOI,Diliman Debate Open 2023 Quarterfinals,THP a world where the publishing industry did not form conglomerates OG: USU Freeland & Bakker OO: Forced out of retirement CG: USU Kuo and Price CO: Sunway being deluluman at Diliman OG and OO advanced,
PeLR85dXar0,"The Natolin European Round Robin Debating Championships Round 5, Grand Final","This House, as the Iranian government, would fulfill its obligations under the JCPOA The debate starts at 39:30 OG: Miloš Marjanović & Stefan Siridžanski OO: Aishling Kinsella & Aisling Tully CG: Antonio Fabregat & Javier de la Puerta CO: Tin Puljić & Lovro Šprem 1 CO 83 84 2 OG 82 82 3 CG 81 80 4 OO 80 80 Open Final Motion: This House prefers a world where family love was seen as unconditional as opposed to conditional",artificial intelligence;politics
0tHTgIvgB-w,The Natolin European Round Robin Debating Championships Round 1-4,TH would attend the Queer Liberation March rather than the Stonewall50 March,artificial intelligence;development;economics;philosophy
5ib1X2Se5Ss,LSE IV 2023 Open Final,that turn into worms turn back into humans,
Xoms3oYeojg,LSE IV 2023 Open Semifinals,THO Consequentialism* [*The doctrine that the morality of an action is to be judged solely by its consequences] OG and CG progressed,philosophy
kevL_Fe_WdY,Astana Open 2023 Open Final,THBT humanity should choose voluntary human extinction as opposed to continued existence,artificial intelligence;philosophy
sSKW12HTFAY,Astana Open 2023 Open Semifinals,"THPAW where religious beliefs and teachings are not codified into scripture or doctrine OG: TCD Hist PW (Naomi Panovka, Daniela Williams) OO: Zagreb PT (Paula Djaković, Tin Puljić) (progressed) CG: Oxford (B)arbie Boy and Oppenheimer Girl (Aidan Woo, Elena Radulescu) CO: Less stoicism motions than Astana 2021 (Biser Angelov, Maria Matcheva)(progressed) https://astanaopen",artificial intelligence
xQT85N4kCnw,Astana Open 2023 Open Quarterfinals,THBT progressive movements should heavily prioritize policy issues (e,artificial intelligence;criminal justice system;economics;environment;media;philosophy;politics;social movement
aK94FKyD9Dw,Astana Open 2023 ESL Final,"ESL Final - Astana Open 2023 Motion: Given the ability to accurately measure the moral track record of a person, THW criminalize having a consistently negative moral track record",philosophy
qiic5jUhpos,Astana Open 2023 ESL Semifinals,THBT progressive movements should heavily prioritize policy issues (e,criminal justice system;economics;environment;media;philosophy;politics;social movement
JuS2PIQFivM,Astana Open 2023 Round 5,"Round 5 - Room Almaty 3 Motion: In ethnically diverse countries, THW require all neighbourhoods to represent the ethnic makeup of that country",
0sI3Nokqq7g,Astana Open 2023 Round 5,"Round 5 - Room Astana 8 Motion: In ethnically diverse countries, THW require all neighbourhoods to represent the ethnic makeup of that country",
upvkScE5xAQ,Astana Open Round 4,"Round 4 Motion: In areas with high organised crime rates, THS churches expelling current gang members",artificial intelligence;criminal justice system
Eo6fhTY4jO8,Astana Open 2023 Round 3,"THBT social media companies should manipulate users’ newsfeeds in order to promote progressive content OG: Less stoicism motions than Astana 2021 (Biser Angelov, Maria Matcheva) OO: Oxford (B)arbie Boy and Oppenheimer Girl (Aidan Woo, Elena Radulescu) CG: Ryan and Tejas (Tejas Subramaniam, Ryan Lafferty) CO: Zagreb PT (Paula Djaković, Tin Puljić) https://astanaopen",artificial intelligence;media;philosophy
jZDK4L7Z2jA,Astana Open 2023 Round 2,"THBT academia should focus on social relevance over academic relevance OG: Ryan and Tejas (Tejas Subramaniam, Ryan Lafferty) OO: I'm sick of judging so decided to debate (Youngwoo Park, Haeseong Pyun) CG: TCD Hist Rehan and Ziyad (Ziyad Anwer, Rehan Haneef) CO: UFD India (Anshuman Mishra, Arnav Agrawal) https://astanaopen",philosophy
WZwRRnzYQTk,Astana Open 2023 Round 1,THO parents being heavily involved with their children's show business careers,
3MELfhiHd-s,Vietnam WSDC 2023 Grand Final - USA vs Canada,This House Prefers a world ruled by a benevolent AI programmed to maximize utility by calculating the actions most guaranteed to reduce the greatest global suffering Proposition: USA Opposition: Canada Prop won https://www,artificial intelligence;media
ekcu7wxumxg,Vietnam WSDC 2023 Semi Finals - Malaysia vs USA,This House believes that the LGBTQ+ community should actively embrace the nuclear family ideal Opp won https://www,media;philosophy;social movement
f2YZJfJe0UA,Vietnam WSDC 2023 Quarter Finals - Malaysia vs Zimbabwe,"This House believes that offensive art should not be commissioned for public spaces (Museums, Parks, Squares, etc",media;philosophy
1ncTrQib18U,Vietnam WSDC 2023 PDOs - Australia vs New Zealand,This House regrets depictions of veganism as trendy,animal right;media
FWIqj_04lfM,Vietnam WSDC 2023 Round 8 - USA vs Sri Lanka,This House believes that developing countries should drop local languages in favor of a world language as the primary medium of instruction in schools,education;media;philosophy
u7Id-KddhyE,Vietnam WSDC 2023 Round 7 - Scotland vs Malaysia,This House would replace agricultural companies with farmers' cooperatives,media
KgjZc3NXxv8,Vietnam WSDC 2023 Round 6 - Zimbabwe vs Czech Republic,This House regrets the professionalisation of sports,media;sport
zGCy-dNXCPA,Vietnam WSDC 2023 Round 5 - Japan vs Korea,This House believes that African countries should recognize the sovereignty of Somaliland,media;philosophy
7a_cEsiUcrg,Vietnam WSDC 2023 Round 4 - Canada vs Poland,This House believes that the feminist movement should promote the maximisation of individual development and empowerment over solidarity among women,development;media;philosophy;social movement
r9ZGZAEVarI,Vietnam WSDC 2023 Round 3 - Indonesia vs South Africa,This House opposes internet gurus selling their own products and services,media;technology
_AGoAYrB_HA,Vietnam WSDC 2023 Round 2 - Singapore vs Thailand,Thailand | ROUND 2 | Vietnam WSDC 2023 Proposition: Singapore Opposition: Thailand Motion: This House supports the use of the nine planetary boundaries framework,artificial intelligence;media
IUK225iFPL4,Vietnam WSDC 2023 Round 1 - Bermuda vs Poland,This house believes that the World Bank Group should adopt a one-country-one-note system,media;philosophy
EBo0lRLEIrQ,Krabi Australs 2023 Open Final - University of Sydney vs National University of Singapore,that may not conform to mainstream feminist behaviours,artificial intelligence;education;social movement
rD-jUWdPggY,Krabi Australs 2023 ESL Final - Universiti Teknologi MARA vs Indira Gandhi National Open University,"That we prefer religious teachings that emphasise the belief that human beings are born good instead of born evil Teams: Affirmative: Universiti Teknologi MARA Negative: Indira Gandhi National Open University Adjudicators: Elinor Stephenson (C), Anum Naseer, Brendon Chen, Joel law, Michael Xu, Robert Barrie, Ruth Selorme Acolatse",education;law
iil_1rVe3uY,Krabi Australs 2023 EFL Final - Islamic University of Technology vs Beihang University,that highlights and strongly grieves wastefulness,artificial intelligence;education;environment;social movement;technology
GhbSMRtSq2E,Krabi Australs 2023 Semifinals USU 1 vs USU 2,"That, as Japan's Liberal Democratic Party, we would introduce policies that significantly encourage foreign migration to Japan",
OWV72USXoxc,Krabi Australs 2023 Quarterfinals UQ 1 vs USU 1,That we support a global ban on crypto currency [crypto] Neg won,
aRe5jkcDs4g,Krabi Australs 2023 ESL Semifinals - IGNOU ARR vs UI HJJ,"That, as Prigozhin, we regret agreeing to the conditions of the deal brokered by Belarus",
-RsrNNcsOUQ,Krabi Australs 2023 Pre-Quarterfinals - Macquarie 1 vs NUS 1,That the environmental movement should heavily prioritise nuclear power in their energy advocacy,environment;philosophy;social movement
77xtZryub3A,Krabi Australs 2023 Pre-Quarterfinalis - UNSW CMB vs UTS TGM,That the environmental movement should heavily prioritise nuclear power in their energy advocacy,environment;philosophy;social movement
c3aJGBuipsI,Krabi Australs 2023 Pre-Quarterfinals - SYDNEY KJJ vs UQ NCI,That the environmental movement should heavily prioritise nuclear power in their energy advocacy,environment;philosophy;social movement
XcA2lOjVS3o,Krabi Australs 2023 Pre-Quarterfinals - Melbourne 1 vs Auckland 1,"that any World Bank project must have a percentage of that project's budget and activities directed towards climate adaptation or mitigation, regardless of its primary objective (e",artificial intelligence;conflict;education;environment;medical;philosophy
qJHuabMMm3Q,Malaysia United Asian Debating Championship 2023 Open Grand Final (UADC 2023),"OPEN GRAND FINALS Motion: Under the veil of ignorance, TH, as an individual, W choose to be born in a religious community with strong communal values as opposed to secular society",artificial intelligence;education;politics
i9iey9UIfV4,Malaysia United Asian Debating Championship 2023 Round 7 (UADC 2023),"THBT India should substantially ease restrictions on Chinese trade and investment Government: Basket (team code name) (Amy Lee, Cavan Tay, Shaun Lee) Opposition: Lady Beetle (team code name) (Mikko Vitug, David Africa, Tobi Leung) Adjudicators: Vinodhan Ⓒ, Vani Bhardwaj, Baroness Maria S",education;philosophy;politics
fH6UfAZXRIY,Malaysia United Asian Debating Championship 2023 Round 6 (UADC 2023),"THBT all large data AI repositories should be forced to pay companies for training data skimmed from the internet, even in instances where they are typically free for users (e",artificial intelligence;education;media;philosophy;politics;technology
9z9vE8se30Q,Trinity IV 2021 Grand Final,THBT Yin and Yang should be imprisoned,artificial intelligence;conflict;criminal justice system;philosophy
WhUT16hNgaU,Erasmus Rotterdam Open 2023 Grand Final,that go on in the other,conflict;international relation;politics;religion;technology
B_Sy1kUs3Pg,Uhuru Worlds 2023 Grand Final,that understands it through either framer’s intent or what the public would’ve intended at the time of the Constitution’s ratification,artificial intelligence;law
Acf290HPHVs,Uhuru Worlds 2023 Semifinals,"TH would provide significant campaign funding for congressmen and senators who score highly on bipartisan metrics in western liberal democracies Panel: William SmithⒸ , Joseph Hutchison , Nimay Sanghi , Oladi Gabisi , Yi Zoe Zhu Wang Teams: OG: Pirates of the Gulf of Guinea - Eziel Johnson, Joshua Cohen OO: TCD Hist Rehan and Ziyad - Rehan Haneef, Ziyad Anwer CG: Oxford AP - Pranav Baskar, Ahmed Hussain CO: Bucharest A - Ana Coman, Valeriu Carasel",artificial intelligence
AesMdpZ9pyM,Uhuru Worlds 2023 Quarterfinals,"TH, as WUDC Council, would ratify a constitutional amendment that allows composite teams to be eligible to break under extenuating circumstances rather than a blanket ban Teams: OG: Cornell Gaveal's biggest fans - Ram Orfanel, Eli Pallrand OO: GUU (B)reaking Free - Alyssa Mills, Isaac Gilbert CG: London School of Economics If u can't pre with alcohol, pre with vibes - Stefan Milicescu, Sachin Tissera CO: Harold and Kumar (guess which one isn't brown) - Muzamil Godil, Pranav Anand",economics;education;law;religion
dGTB4MgPK-o,LSE Open 2023 Finals,that he was murdered by Claudius in a plot to take the throne,
w-vh3L6JaPw,LSE Open 2023 Semifinals,"TH, as France, Would withdraw from its former colonies in Africa OG: LSE Protein Sheikhs (Matt Caito, Ahmed El Sammak) OO: Split me harder than The Reformation split the Church (Dylan McCarthy, Josh Kemp) CG: Wait this isn’t Masters format",artificial intelligence
WdrfJwQTK-A,LSE Open 2023 Pre-Semifinals Part2,"TH, as Job, Would keep the Faith OG: Split me harder than The Reformation split the Church (Dylan McCarthy, Josh Kemp) OO: Oxford AP (Ahmed Hussain, Pranav Baskar) CG: UCL Team Asteroid (Umar Buckus, Stella Stenou) CO: Wait this isn’t Masters format",artificial intelligence;religion
VYi0ZPM8__g,LSE Open 2023 Pre-Semifinals Part1,"TH, as Job, Would keep the Faith OG: Split me harder than The Reformation split the Church (Dylan McCarthy, Josh Kemp) OO: Oxford AP (Ahmed Hussain, Pranav Baskar) CG: UCL Team Asteroid (Umar Buckus, Stella Stenou) CO: Wait this isn’t Masters format",artificial intelligence;religion
X-YfGAuqLiA,LSE Open 2023 Round 5,"Assuming feasibility, TH Would give all animals human levels of cognition and powers of speech OG: Oxford Sksksksksksk - back in endz (Aniket Chakravorty, Zarina Bell-Gam) OO: WSDC Hong Kong (Dhruv Leekha, Jason Xiao) CG: UNWE Less equity, more wins than LSE Open 2021 (Biser Angelov, Maria Matcheva) CO: LSE Protein Sheikhs (Matt Caito, Ahmed El Sammak) 1 CO 84 84 2 OO 82 83 3 OG 78 83 4 CG 76 81",animal right;artificial intelligence
zJqukURpK44,LSE Open 2023 Round 3 Room 1,"TH Supports the continued increase of windfall taxes on energy companies who made high profits within the period of high energy prices OG: Harish and Naomi (Naomi Panovka, Harish Natarajan) OO: WSDC Hong Kong (Dhruv Leekha, Jason Xiao) CG: LSE B (Taha Iqbal, Hamza Tariq Chaudhry) CO: Tin and Miri (Tin Puljić, Miri Muntean) 1 OG 85 84 2 CG 83 84 3 CO 81 80 4 OO 79 80",economics
zCVgJrH0zLo,LSE Open 2023 Round 4,,artificial intelligence
GOhjOmif-f4,LSE Open 2023 Round 5,"Assuming feasibility, TH Would give all animals human levels of cognition and powers of speech OG: Wait this isn’t Masters format",animal right;artificial intelligence
7LpOo_YrCPo,LSE Open 2023 Round 2 Room 2,that are guaranteed to all citizens,law;philosophy;politics
4RS-9jOrmmU,LSE Open 2023 Round 2 Room 1,that are guaranteed to all citizens,artificial intelligence;law;philosophy;politics
9kamPalJAbU,LSE Open 2023 Round 3 Room 2,"TH Supports the continued increase of windfall taxes on energy companies who made high profits within the period of high energy prices OG: UPenn Operation Tax Evasion (Hasit Nanda, Maxwell Delorenzo) OO: Post-Ryan Support Group (Matt Mauriello, Madeleine Wu) CG: Wait this isn’t Masters format",artificial intelligence;economics
EAMU2jcYOW8,Ateneo IV 2023 Open Finals,"that early on into the relationship, your partner cheated on you with another person, and you have not told anyone",military
5Jf-0rAePcM,Bali Asian BP 2022 Open Final,This house prefers a world where valourised national heroes in history are morally flawed instead of morally good OG won The debate starts at 6:21 https://www,law;narrative;philosophy
VZiO6G9dRK0,Madrid WUDC 2023 Quarterfinals Room 1.13,"THBT the IMF removing all conditions on these loans, except for explicit anti corruption provisions, is preferable to the recent conditions to developing countries OG: Melbourne A OO: Sofia A CG: UNWE A CO: Harvard A OO and CO progressed https://www",artificial intelligence;economics;international relation;politics
d1_5-9ZRWMM,Madrid WUDC 2023 Quarterfinals Room 1.18,"THBT the IMF removing all conditions on these loans, except for explicit anti corruption provisions, is preferable to the recent conditions to developing countries OG: McGill A OO: Princeton B CG: TCD Phil A CO: Sydney A OO and CO progressed https://www",artificial intelligence;economics;international relation;politics
oJZK-K0W3aI,Madrid WUDC 2023 Quarterfinals Room 0.07,"THBT the IMF removing all conditions on these loans, except for explicit anti corruption provisions, is preferable to the recent conditions to developing countries OG: LSE B (Shaurya Chandravanshi [1:47] & Ted Chang [17:59]) OO: LSE A (Matt Caito [9:32] & Ahmed El Sammak [26:02]) CG: Stanford A (Vivian Zhu [34:57] & Tejas Subramaniam [51:38]) CO: Ateneo A (David Africa [42:59] & Tobi Leung [59:31]) OO and CO progressed https://www",artificial intelligence;economics;international relation;politics
rE4shgqnUfA,Madrid WUDC 2023 Quarterfinals Room 0.06,"THBT the IMF removing all conditions on these loans, except for explicit anti corruption provisions, is preferable to the recent conditions to developing countries OG: Oxford B OO: Oxford A CG: TAU A CO: Sydney B CG and CO progressed https://www",artificial intelligence;economics;international relation;politics
dQZ2GG0Tuug,Madrid WUDC 2023 Octofinals Room 1.18,THP a focus on societal factors (e,economics;narrative
hG-A8zXym9o,Madrid WUDC 2023 Octofinals Room 0.09,,
QfI-GBZfOJg,Madrid WUDC 2023 Octofinals Room 0.07,THP a focus on societal factors (e,artificial intelligence;economics;narrative
S6gTVkdFyEc,Madrid WUDC 2023 Octofinals Room 1.20,THP a focus on societal factors (e,economics;narrative
1mCp3R7zMhE,Madrid WUDC 2023 PDOs Room 1.18,THW allow democratic governments to overturn supreme court/constitutional court decisions with a simple majority in the legislature OG: LSE B OO: Queensland A CG: TAU B CO: NUS A OG and CG progressed https://www,law;politics
OXuW9wQVuZQ,Madrid WUDC 2023 PDOs Auditorium,THW allow democratic governments to overturn supreme court/constitutional court decisions with a simple majority in the legislature OG: Cornell A OO: McGill B CG: ANU A CO: Oxford A CG and CO progressed https://www,law;politics
5pe9VvHTZ3E,Madrid WUDC 2023 PDOs Room 0.07,THW allow democratic governments to overturn supreme court/constitutional court decisions with a simple majority in the legislature OG: QDU A OO: Sydney A CG: Chicago B CO: Hart House A OO and CO progressed https://www,law;politics
6CBHEdxUPA4,Madrid WUDC 2023 PDOs Room 1.14,THW allow democratic governments to overturn supreme court/constitutional court decisions with a simple majority in the legislature OG: HWS A OO: Ateneo B CG: HUJI A CO: Tokyo A OG and CO progressed https://www,law;politics
XAhTD6gLvoc,Madrid WUDC 2023 PDOs Room 1.19,THW allow democratic governments to overturn supreme court/constitutional court decisions with a simple majority in the legislature OG: McGill C OO: Harvard C CG: PUCP A CO: Zagreb A OG and CO progressed https://www,law;politics
zHmpM5ImjHM,Pre-WUDC Vienna Online Open 2022 Round 4,"THBT for students over the age of 14, art and literature curricula should actively include works with violent or sexual themes, as opposed to minimising their role in the curriculum",education;philosophy
8CCwC-tV9yE,Pre-WUDC Vienna Online Open 2022 Round 3,THS political centrism (e,artificial intelligence;politics
CHlnh6GCBSA,Pre-WUDC Vienna Online Open 2022 Round 2,THBT social movements should adopt the approach of ‘joyful militancy’,philosophy;social movement
5VcB_C52TLM,Pre-WUDC Vienna Online Open 2022 Round 1,"that enables them to select and control many of the legal rights they acquire upon marrying, and what happens when their marriage eventually ends by death or divorce",law
U2UeEtIXbJQ,Pre-WUDC Vienna Online Open 2022 ESL Semifinals,THBT Biden should lift all sanctions on Venezuela,artificial intelligence;conflict;philosophy;politics
tHwssRROw-8,Pre-WUDC Vienna Online Open 2022 Grand Final,THO established states actively curating and promoting a patriotic sense of national identity OG: Ateneo 1 OO: LSE A CG: TCD Phil A CO: Sydney B OO wins 5-0,culture
XYqMTmG2kho,Pre-WUDC Vienna Online Open 2022 Quarterfinal,THO the focus on coming out in LGBTQ media and popular culture,culture;education;media
7vBW9OQ5Fqo,Pre WUDC Vienna Online Open 2022 ESL Final,THP a world where everyone is equipped with a rePlayer,technology
WkaIFhmNZ9Y,UADC 2022 Open Grand Final,"that can be born with laws, social services and all",law;politics;technology
BjPXNr9Jf0Y,Belgrade WUDC 2022 Round 9 Room 2,This House Opposes the pressure to focus on promoting one's career at the expense of forming a family,artificial intelligence
ZjZeEWILHAc,Belgrade WUDC 2022 Round 4,This House Would prohibit companies from regulating the private behaviors of their employees in employment contracts* *e,media
j0Y4Yi6YQsk,Belgrade WUDC 2022 Open Grand Final,This House Supports a decline in global reliance on the dollar,
cl6fSukqeIg,Belgrade WUDC 2022 ESL Grand Final,"that they are going into certain death, and that they are unlikely to change the outcome of the bombing, the 10 pilots decide to take to the skies to take down as many Nazi airplanes as they can before dying",artificial intelligence
S6CAyZPSiFQ,Belgrade WUDC 2022 EFL Grand Final,"This House Prefers a world in which humans cannot experience nostalgia* *Nostalgia is a sentimental longing or wistful affection for something in the past, typically for a period or place with happy personal associations OG UGM C OO Warsaw A CG Zagreb B CO PUCP A",conflict
x1uANEWOOi0,Belgrade WUDC 2022 Semifinals Room 2,"that ""center the self"" embrace human existence and individual experiences as special",religion
h_1T2s-DfOE,Belgrade WUDC 2022 Semifinals Room 1,"that ""center the self"" embrace human existence and individual experiences as special",religion
mR6UTag8Fss,Belgrade WUDC 2022 Quarterfinals Room 1,This House Would ban the use of advanced analytics in political campaigns,artificial intelligence;education;politics
IUgHBLTz8N8,Belgrade WUDC 2022 Quarterfinals Room 2,This House Would ban the use of advanced analytics in political campaigns OG Chicago KL OO UNWE A CG BRAC A CO PEP Belgrade A OG and CG advanced Official Facebook page: https://www,artificial intelligence;politics
Fylag_yuIpY,Belgrade WUDC 2022 Octofinals Room 1,This House Would ban corporate residential landlords* *Corporate residential landlords refers to corporations that own and maintain multiple apartments for the purpose of renting them out for residential use OG PEP Belgrade A OO UNWE A CG Princeton C CO Christ University A OG and OO advanced Official Facebook page: https://www,artificial intelligence;education
CpZ1fGPRDso,Belgrade WUDC 2022 Octofinals Room 2,This House Would ban corporate residential landlords* *Corporate residential landlords refers to corporations that own and maintain multiple apartments for the purpose of renting them out for residential use,artificial intelligence;economics;education;politics
w6sOGU6dob4,Belgrade WUDC 2022 ESL Quarterfinals Room 1,This House Opposes the rise in anti-establishment discourse OG UST 2 OO OBS Kwame Nkrumah B CG Belgrade B CO Belgrade A,
EhBU5FzYAiY,Belgrade WUDC 2022 Open Partial Double Octos Room 3,This House Believes That the environmental movement should take more radical action in the fight against climate change (e,artificial intelligence;environment;philosophy;social movement
LBTwNDoII64,Belgrade WUDC 2022 Open Partial Double Octos Room 1,This House Believes That the environmental movement should take more radical action in the fight against climate change (e,artificial intelligence;education;environment;philosophy;social movement
DOm_nnzw1GA,Belgrade WUDC 2022 Open Partial Double Octos Room 2,This House Believes That the environmental movement should take more radical action in the fight against climate change (e,artificial intelligence;environment;philosophy;social movement
61n_2BRtkAA,Belgrade WUDC 2022 ESL Quarterfinals Room 2,This House Opposes the rise in anti-establishment discourse,artificial intelligence;education
W0M2-Zc8XZs,Belgrade WUDC 2022 Round 3,"This House Believes That LGBTQ+ movements in developing countries should integrate patriotism into their messaging* *including actions such as celebrating LGBTQ+ soldiers, talking openly about being ""queer and a patriot"", displaying the pride flag with the national symbol, and avoiding actions such as supporting independence movements within the country or publicly criticizing nationalism OG - Bannerman & Acheampong OO - Palmer & McCarthy CG - Trotter & Bakker CO - Lu & Weaving 1 CG 81 81 2 CO 81 80 3 OO 78 79 4 OG 77 78 Official Facebook page: https://www",philosophy;social movement
eOJc-vJo1lM,Belgrade WUDC 2022 Round 6,that grants central banks the mandate to control circulation of money in the economy through fiscal policy in addition to monetary policy,economics;politics
yc8X4p1WRUY,Belgrade WUDC 2022 Round 8,This House Prefers that the Eastern bloc countries had formed their own Union instead of joining the European Union (EU) OG Africa & Vitug OO Ju & Mentzinger CG Selveliev & Marinov CO Jansen & Muntean Official Facebook page: https://www,
GG2OQIP5tCs,Belgrade WUDC 2022 Round 5,that were under Ottoman rule from the 14th to the 19th century (e,artificial intelligence;criminal justice system;military;narrative
P28WviPguF8,Belgrade WUDC 2022 Round 7,"that do not meet the academic definition of these terms - referring to the urge to tidy up as ""OCD"", or a temporary inability to focus as ""ADHD"" - partaking in speculative psychiatric diagnoses of others, including public figures The motion for Round 7 reads This House Opposes the popularization of therapy speak OG Chang & Chandravanshi OO Vasić & Moscovici CG Sammak & Caito CO Selveliev & Marinov 1 CG 84 83 2 OO 83 83 3 CG 83 82 4 OG 80 82 Official Facebook page: https://www",artificial intelligence;medical
RKl7nKNQDA8,Belgrade WUDC 2022 Round 9 Room 1,This House Opposes the pressure to focus on promoting one's career at the expense of forming a family OG Diskin & Toomey OO Kapelyukh & Cravaris CG Ju & Mentzinger CO Šuflaj & Djaković Official Facebook page: https://www,
rkwnfceH9lc,Belgrade WUDC Training Program Round 5 Motion Debrief with Sher May,,artificial intelligence
vLCeEj5Ja5c,Belgrade WUDC 2022 Training Program: Special motion debrief with CAs,This House Believes That the environmental movement should take more radical action in the fight against climate change (e,artificial intelligence;environment;philosophy;social movement
oaFoWHja-FU,Belgrade WUDC 2022 Training Program: Winning Strategy with Harish Natarajan & Raffy Marshall,,artificial intelligence
YSGtVcuXgC0,Belgrade WUDC 2022 Training Program: Maximise your development following WUDC,,artificial intelligence;development
sOsuO2mYyJw,Belgrade WUDC 2022 Model Debate Babies vs Dinos,This House Prefers that the Eastern bloc countries had formed their own Union instead of joining the European Union (EU) OG: Ankit and Tejas OO: Ashish and Harish Official Facebook page: https://www,
pdTZNWa30pM,Belgrade WUDC 2022 Training Program: Framing in Outrounds with Lee Chin Wee,,artificial intelligence
LPp5qmAoiT8,Belgrade WUDC 2022 Training Program: Round 7 Motion Debrief with Ruth Silcoff,,artificial intelligence
d7sXHjsfqlU,Belgrade WUDC 2022 Training Program: Judging at WUDC with Njuguna Macharia,,artificial intelligence
Skcsu-xQ8Lc,Belgrade WUDC 2022 Training Program: Refined Rebuttal with Teck Wei Tan,,artificial intelligence
VN9-oyS0wvQ,Belgrade WUDC 2022 Model Debate CA Battle,that grants central banks the mandate to control circulation of money in the economy through fiscal policy in addition to monetary policy,artificial intelligence;economics;politics
OF0jrZgwZLU,Belgrade WUDC 2022 Training Program: Mastering Extensions with Teck Wei Tan & Sharmila Parmanand,,artificial intelligence
Bd6_kFtXaJ8,Belgrade WUDC 2022 Training Program: Round 3 Motion debrief with Klaudia Maciejewska,,artificial intelligence
73dNFvAAWGU,Belgrade WUDC 2022 Training Program: Turf burning & Prioritisation in Opening,,artificial intelligence
NbbQx2-Li-8,Belgrade WUDC 2022 Public Speaking Grand Final,,
f0cu0gC88aY,Doxbridge Pre-WUDC 2022 Grand Final,thousands of participants from around the world,international relation
RkvpyqTOCiI,Doxbridge Pre-WUDC 2022 Semifinals,"thon OG: Sydney C OO: Ateneo AV CG: palmer's at a wedding CO: LSE A Motion: You come across a button which, if pressed, will instantly and painlessly erase all of human existence",artificial intelligence;media
8hUpMhGwTK8,Doxbridge Pre-WUDC 2022 Round 1,THS the transition of media coverage of sports to social media (e,culture;media;sport
1gcfO3B0uII,Doxbridge Pre-WUDC 2022 Quarterfinals,thon OG - UCL A[PM didn't consent to recording] OO - Lemon CG - LSE C CO - CWSDC D THBT the International Criminal Court should abolish its practice of complementarity OO and CG advanced The debate (LO speech) starts at 25:14 https://www,international relation;law;philosophy
CCrGDBv6wnQ,Doxbridge Pre-WUDC 2022 Octofinals,THP a world where the norm is that people hold multiple part time jobs instead of the current norm of one full time job OO and CG advanced The debate starts at 12:41 https://www,
GnSVqvckjqc,Doxbridge Pre-WUDC 2022 Round 5,THW would give industry representatives (e,education;politics
ZdQOGy7VG7E,National Debate Championship Diliman 2022 Grand Final,THBT citizens who had their voted candidates lost during an election should be compensated by their government should they decide to transfer citizenship to another foreign government (provided that this state accepts them) OG: DLSU C OO: UPD A CG: ADMU A CO: ADMU B CG wins https://www,philosophy;politics
8z-MilT9Xxk,National Debate Championship Diliman 2022 Semifinals,THS the adoption of cryptocurrencies into states with weak fiat currencies OG: ADMU C OO: ADMU A CG: UPD A CO: ADMU D OO and CG progressed to the Grand Final https://www,
R8mi57TV_bQ,National Debate Championship Diliman 2022 Quarter Finals,THBT the wishes of the deceased (e,law
skpEVt2DIr4,National Debate Championship Diliman 2022 Octo Finals,THBT it is in the best interest of Hungary to veto further EU sanctions on Russia OG: ADMU A OO: SBU A CG: UPC A CO: ADNU C OG and CG progressed to the Quarter https://www,
pHn2mfEU2RU,Doxbridge Worlds 2022 Open Grand Final,This House Supports the eventual Death of God OO won (6-1 split) Debate starts at 17:45 www,artificial intelligence;philosophy;religion
1PEa1bFBFwQ,Pre-WSDC 2021 Grand Final (Singapore vs Hong Kong),"that is ordinary, plain, and unremarkable",artificial intelligence
HbUuO9JU9I8,Pre-WSDC 2021 Semifinals 2 (China vs Hong Kong),"that is a mix of ideologically opposed politicians from the left (Labor), the centre (Lapid), hardline Jewish religious nationalists and a small Arab Islamist party",artificial intelligence;military;politics
HnNvru9gv7w,Pre-WSDC 2021 Semifinals 1 (Pakistan vs Singapore),"that is a mix of ideologically opposed politicians from the left (Labor), the centre (Lapid), hardline Jewish religious nationalists and a small Arab Islamist party",artificial intelligence;military;politics
3Ut7xUb1j2o,Religion Workshop with Hamza Tariq Chaudhry,,religion
tcfMGIIzNi0,LSE Open 2021 Round 2,"THP a world where, after COVID-19 is no longer a threat to public health and safety, remote work remains the norm OG: Matt's Asian Fetish (Chris Pang, Matt Aydin) OO: Zagreb Debate ReUnion (Tin Puljić, Lovro Šprem) CG: Rachel and Lucía (Rachel O'Nunain, Lucía Arce Cubas) CO: Gamestonks (Biser Angelov, Maria Matcheva) 1 OO 84 83 2 CG 81 84 3 OG 79 80 4 CO 79 78",artificial intelligence
cC4odKuaqNU,LSE Open 2021 Round 1,THR modern medicine's prioritisation of longevity over quality of life (e,medical
XXwjCSVm5LA,Viyasas IV 2021 Grand Final,THBT the Philippine opposition should employ a campaign based on issues as opposed to an Anti-Duterte campaign,artificial intelligence;philosophy
-oOzFvrQrpg,Visayas IV 2021 Semi Finals,"that the officer suspects to be armed, engaged in, or is about to engage in criminal conduct",
LMXVMsrDd6U,PIDC 2021 Semi Finals Ateneo A vs Ateneo B,"THS the creation of Facebook metaverse Infoslide: Mark Zuckerberg recently announced their ambition to transform Facebook into a metaverse that seeks to actively replace social, workplace and entertainment spaces",artificial intelligence;environment;technology
ribo6vdRcCQ,PIDC 2021 Quarter Finals UPLB A vs Ateneo A,THBT the US should employ further quantitative easing as opposed to increased spending on stimulus and relief packages to recover from the effects of the COVID-19 pandemic,philosophy
1KwkQtJfBGM,Taylor's Debate Open 2021 Grand Final,THO the dominant narrative that acquiring forgiveness is essential in order for a flawed person to achieve redemption,artificial intelligence;law;narrative
Yi-ixUgQSCY,Cambridge IV 2021 Round 4,"THBT South American countries should no longer co-operate with the USA's ""War on Drugs"" OG: BRAC A OO: LSE B CG: McGill A CO: KCL A 1 OG 2 CG 3 OO 4 CO",conflict;philosophy
busPlIIMmQs,NEADC 2021 Open Grand Final,THW require all marriages to stipulate specific expectations and obligations of spouses OO wins,
cOudIRuwH3Q,NEADC 2020 Grand Final,that the religious leader is gay and has been in a relationship for X amount of years,artificial intelligence;culture
5WHTtpI7fl8,Macau WSDC 2019 Grand Final China A vs China B,THBT it is morally legitimate for members of ethnic minorities to fabricate their educational and work experience to acquire jobs China A (prop) vs China B (opp) Gov won with 5-2 split PM: Linden Li LO: Grace Tan DPM: Jacquelynn Lin DLO: Brian Li GW: Matt Song (GF Best Speaker with 4-2-1 split) OW: Evan Shen OR: Brian Li GR: Liden Li,education;philosophy
RBZYtBZaFZs,Macau WSDC 2019 Round 4 China A vs Korea A,"THS aggressive, targeted sanctions on high-ranking Myanmar military officials China A (prop) vs Korea A (opp) Winner: Prop",military
SPAdfcgHLsI,Macau WSDC 2019 Round 3 China A,This House Believes That music streaming platforms and radio stations should not place restrictions on musicians who are credibly accused of committing illegal acts (e,law;philosophy
EFiRvYvrUUE,Macau WSDC 2019 Round 5 China A vs China B,This House Believes That the Feminist Movement in conservative societies should prioritize achieving legal/formative changes (e,education;law;philosophy;social movement
iCGpUH29ncQ,Bali UADC 2021 EFL Grand Final,This house believes that it is a legitimate tactic for activists to launch campaigns of personal attacks/insults at the family members of corrupt politicians Prop: HUFS 1 Opp: Peking 1 Prop won on 10-1 split,artificial intelligence;politics
hT_OBl8vbfs,UADC 2021 Open Grand Final,"three different kinds of struggle namely a believer's internal struggle to live out the Muslim faith as well as possible, the struggle to live as a good Muslim society and the struggle to defend Islam, with force if necessary",artificial intelligence;military;philosophy;religion
BSNicw4uYKA,UADC 2020 Grand Final,"OPEN Final I Bangladesh UADC 2020 Government: Taylors A Opposition: Ateneo De Manila 1 Motion: In post-colonial states, THS militaries with strong nationalist ideologies over militaries that see themselves as autonomous, professional bodies",military;politics
zedO2PiDJz0,UADC 2020 Quarter Finals,TH prefers a world in which the conception of sin in Abrahamic religions is entirely a result of human agency as opposed to temptation of the devil,artificial intelligence;politics;religion
CZMgmKUP-i4,KCL Open 2021 Grand Final,THS a widespread implementation of San Pedro's prison structure OG wins,artificial intelligence;criminal justice system;law;politics
TGGg3jlhaKg,UADC 2020 Octo Finals,"TH, as Saudi Arabia, would like for stronger ties with China at the expense of USA Opp wins",politics
5fpYb5QqpMY,Sydney Mini 2020 Grand Final,This House regrets the narrative that the empowerment of historically oppressed communities is an intergenerational obligation for members of that community,narrative
w-1mFL_uU1o,LSE Open 2021 Round 5,"that is owned, developed, and operated exclusively by private individuals and/or organizations (usually companies)",law
apAPHapPA-E,LSE Open 2021 Round 5B (Closing only),"This House Supports the rise of private cities in the developing world (A 'private city' is a city that is owned, developed, and operated exclusively by private individuals and/or organizations (usually companies)",artificial intelligence;law
Jnm1UfBJ3B8,Princeton IV 2021 Quarter Finals,"through publicizing their demands in media publications, launching law suits against management members, etc",artificial intelligence;law;media;politics;social movement
kZw07BD5Z-0,Princeton IV 2021 Grand Final,"THP a world where individuals treated everybody as though they carry equal moral weight, rather than a world where they treated their surrounding community as though they carry more moral weight OG wins",philosophy
DzWv0vetnd0,LSE Open 2021 Round 2,"This House Prefers a world where, after COVID-19 is no longer a threat to public health and safety, remote work remains the norm OG - Cambridge HJ (Jonathan Yap, Han Yang Goh) OO - ESLin' in LSE (Tamar Ben Meir, Ido Kotler) CG - Money can't buy you happiness (Matt Hazell, John Papantoniou) CO - Ateneo VV (Mikko Vitug, Ignacio Villareal) 1 CO 85 86 2 CG 86 84 3 OO 84 84 4 OG 84 82",artificial intelligence
9eCLY8TYHVw,Macau Online WSDC 2021 Octo Finals 4 (Hong Kong vs Australia),This House would ban users from selling their data to companies in exchange for financial returns (i,
7nDdyYP3BVk,Macau Online WSDC 2021 Octo Finals 5 (Lithuania vs Malaysia),This House would ban users from selling their data to companies in exchange for financial returns (i,
k_UXsKYo1VQ,Macau Online WSDC 2021 Octo Finals 1 (Sri Lanka vs Canada),"THS periodic, fixed-date constitutional conventions in constitutional democracies Prop: Sri Lanka Opp: Canada Opp wins",law
440-yx9tFPg,LSE Open 2021 Round 4,THO 'political consumerism' PM 85 LO 83 DPM 84 DLO 83 MG 83,artificial intelligence;politics
PIploGXuYAY,Macau Online WSDC 2021 Quarter Finals (Canada vs China),This House objects to the giving of international military aid Proposition: Canada Opposition: China Prop wins,artificial intelligence;international relation;military
RvY0G95iFeU,Macau Online WSDC 2021 PDO (Japan vs USA),"Motion reads: In times of economic crises, This House believes that the government should withhold information that is likely to damage market confidence Proposition: Japan Opposition: USA Opp wins",economics;philosophy;politics
FzFqEGvHHJQ,LSE Open 2021 Quarter Finals,THW require no-fee brokerages (e,
jsxg0v2In4U,Macau Online WSDC 2021 Octo Finals 3 (China vs the Netherlands),"This House supports periodic, fixed-date constitutional conventions in constitutional democracies Proposition: China Opposition: The Netherlands Prop wins",law
GK5vsH01cDA,Macau Online WSDC 2021 Quarter Finals 2 (Malaysia vs Singapore),This House regrets the Westernization of the elites in post-colonial countries Prop: Malaysia Opp: Singapore Opp wins,
SJsigF16Q3s,Macau Online WSDC 2021 Octo Finals 2 (South Africa vs Romania),"This House supports periodic, fixed-date constitutional conventions in constitutional democracies Proposition: South Africa Opposition: Romania Opp wins",law
BqQR_mCjUgM,Doxbridge 4 Round 2,THS the trend of long-term romantic couples living apart (i,
6Mj-bOzGYLU,Cambridge IV 2021 Round 5,"THBT national legislatures should apportion electoral representation by age group, rather than geographical area OG - Princeton A OO - Ateneo AV CG - Brac A CO - Oxford A 1 CG 82 81 2 OO 81 81 3 OG 80 81 4 CO 78 79",philosophy
9OkLZNeOMK0,Macau Online WSDC 2021 Semifinals (Singapore vs Canada),"This House would nationalise* the research, development, and distribution of pharmaceuticals *To nationalise means to transfer from private or regional ownership and control to state/government ownership and control",development;politics
wFYDsFrd_Po,Cambridge IV 2021 Grand Final,"that endorses the study and creation of technologies to modify the body, with the aim of surpassing natural limits to human abilities (e",artificial intelligence;social movement
dwAhU0u5AcI,Doxbridge 4 Quarter Finals,THBT political parties should be able to replace their elected members at any point during their term in office OO and CG win,philosophy;politics
WXLx-Z_8z6s,Doxbridge 4 Round 1,"THW, as major sporting associations of female dominated sports (e",economics;sport
_8KF10g_Nuo,Doxbridge 4 Round 5,This House Believes That international development institutions (e,development;international relation;philosophy
-g64rPvHGAo,Doxbridge 4 Round 3,"THBT it is in the interest of China to continue pushing for the internationalisation of the yuan Info: Presently, China is utilizing a variety of measures to push for the Yuan to become a global reserve currency",economics;international relation;law;social movement
-6RacXkX6TQ,Doxbridge 4 Octo Finals,This House Believes That Black Lives Matter should closely integrate the black church and elements of black liberation theology (the narrative that liberating the oppressed is the core of Christian doctrine) into its organisational structure and doctrines,narrative;philosophy
MoynLyIBhF4,Doxbridge 4 Grand Final,tharina Margareta Jansen + Lucie Slamova) CG: Ateneo de Manila VV (Ignacio Villareal + Mikko Vitug) CO: Zagreb A - Lovro got replaced for not prepping enough (Tin Puljić + Aditya Dhar) Infoslide: DoxGaming is a medium sized video game company in the very early stages of developing two new online competitive games called 'Doxtastic 2077' and ‘Doxbot 420',development
zFA_QSfXkOo,Global Phase Finals of Bangabandhu Dhaka International Debate Fest for The Dhaka OIC,THBT feminist movements in the West should refrain from getting involved in the fight for empowerment in developing nations,artificial intelligence;international relation;philosophy;social movement
67KeqiiiM0w,Doxbridge 4 Semi Finals,THW use the Sweden Pill in Country X,culture;military;philosophy;politics;religion
NsgXAb6XEVs,Cambridge IV 2020 Round 3,,
ls4ReSzO_VI,Doxbridge 5 Round 3,"Motion: Assuming feasibility, THW adopt 'whole life desert' considerations for criminal sentences",artificial intelligence;criminal justice system
aZMcr3kYXSs,Doxbridge 5 Round 4,THO the EU's decision to cut funding given to member states as a penalty for passing policies deemed to be against 'EU values' OG LSE Uranus OO Lukashenko Skywalkerov and Hanasta CG Is Moss an Endangered Species,artificial intelligence
t2UF5iSubw4,Doxbridge 5 Round5,This House Regrets the practice of religiously obliged alms-giving (e,
kN2YcVis7F4,ABP 2021 Grand Final,"This House prefers to live as a person who adopted the ""closed off"" model OG: NTU 1 OO: Toyko 1 CG: Ateneo 2 CO: Ateneo 1 OO wins",artificial intelligence
oFtIfWYM99E,Doxbridge 5 Quarter Finals,that around half of all US consumers have used such a service,artificial intelligence;economics
