videoId,videoTitle,videodescription,motiontype
_kjeQW-RNyw,WSDC 2025 Grand Final,"Seriti is communitarian philosophy found in the Setswana, Sesotho, and Sepedi cultures. According to this philosophy, a person's moral, spiritual and social standing - their seriti- is bestowed upon them by their ancestors, living and dead. Individuals who abide by this philosophy prioritize living in line with the values and desires articulated by their ancestors, and maintain a relationship with them by not ignoring, disrespecting, or dishonoring them. TH prefers a world with a strong belief in seriti Proposition: India Opposition: Australia ---- winner: Proposition (India)","culture, philosophy"
_o-XHGe0UAA,UADC 2025 Open Grand Final,"THS the deployment of Private Military and Security Contractors (eg. The Wagner Group, Blackwater, G4S, etc.) at all critical resource extraction sites in exchange for joint control","conflict, military"
lHL0R4rN9Vg,UADC 2025 EFL Grand Final,THP a world where all major religions did not obligate their followers to go on religious pilgrimages,religion
sUH3dnzLMm0,Panama WUDC 2025 Open Finals,"This House Supports the shift away from the traditional left-right spectrum in the politics of major democracies OG BQDC A OO Sydney B CG Dartmouth A CO Oxford C Milos MarjanovicⒸ , Alice Bertoni , Dennis Su , Erasmus &quot;9 fingers only&quot; Mawuli Segbefia , Jack Stanley , Martha McKinney-Perry , Max Rosen , Paula Djakovic , Tengku Omar Azfar Haqqani CG won","culture, politics"
m4lxeOCiOys,Panama WUDC 2025 ESL Finals,"This House, as the Holy See, would adopt the ""two-speed Church"" policy OG BGU A OO DDUL A CG IITB A CO BFSU A Ashish Xiangyi KumarⒸ , Jordyn Gibson , Klaudia Maciejewska , Natalia García , Park Youngwoo , Robert Barrie , Tanay Patri , Umar Buckus , Ðorđe Radosavljević OO won","politics, religion"
LD4ixYDPuXQ,Panama WUDC 2025 EFL Finals,"This House Believes That Trumpism is in the long-term interest of the Republican Party OG Rosario D OO USPd A CG TEC CEM M CO BINUS A Xiao-ke LuⒸ , Geneva Roy , Isabella Freeland , Matt Caito , Robert Raos , Rushdoon Ahmed , Ruth Selorme Acolatse , Simon Luo , minami matsushima CO won",politics
RG53F3qSBW8,Panama WUDC 2025 Open Semifinals Pt2,This House Would militarily intervene in Sudan,military
Z8ZFbzYE1y0,Panama WUDC 2025 Open Semifinals Pt1,This House Would militarily intervene in Sudan,military
c3SrSaGEWg0,Panama WUDC 2025 Open Quarterfinals,This House Believes that it is in the interest of the USA to significantly reduce the size and power of federal government agencies Taken from https://www.youtube.com/@samuelknijnik1845/videos,politics
bBuFrywKJVA,Panama WUDC 2025 ESL Semifinals,This House Opposes the increased shift to subscription based business models,"culture, economics, technology"
08Axk2jtq5c,Panama WUDC 2025 Open Octofinals,This House Opposes the prominence of the trauma plot in media and art,"culture, media, narrative"
SFWz9wKwvuM,Panama WUDC 2025 Round 7,This House Prefers the citizen welfare standard to the consumer welfare standard,"economics, environment, law, politics"
8hLYp8Ox6MU,Panama WUDC 2025 Round 6,This House Supports the rise of specialised private equity firms and funds that focus on specific sectors or geographies,politics
tCrVGvuPocs,Panama WUDC 2025 Round 5,"This House Believes that the student organisers of the July Revolution should not transition into formal political roles (e.g., run for elected office, form their own political party)","education, international relation, politics"
_hOn3KFxqlI,Panama WUDC Round 4 Pt2,This House Believes that feminists in Western Liberal Democracies should adopt reconciliatory rather than confrontational approaches in their advocacy,politics
AgF79eQluvw,Panama WUDC 2025 Round 4 Pt1,This House Believes that feminists in Western Liberal Democracies should adopt reconciliatory rather than confrontational approaches in their advocacy,politics
GB5vfh7x2bE,Panama WUDC 2025 Round 3,This House Believes that US involvement in Panama has benefitted Panama Taken from https://www.youtube.com/@prensacom1,politics
Pak7I10BKCA,Panama WUDC 2025 Round 1,This House Prefers secondary schools adopting a classical education model rather than a progressive education model Taken from https://www.youtube.com/@prensacom1,"education, environment, media, narrative"
yLCQ_rp6YKM,Panama WUDC 2025 Round 2,This House Opposes confidence culture Taken from https://www.youtube.com/@prensacom1,"culture, development"
ayBAkyu2qJA,Krabi ABP 2024 Open & EFL Finals,THP a world where individuals' primary collective identity is based on livelihood,"economics, international relation"
5ReipJ8VY6I,LSE Open 2024 Open Semifinals,THBT Narendra Modi's tenure as Prime Minister has done more harm than good for India,
jhZJYUIgfQk,LSE Open 2024 Round 2 C,"This House Prefers a world with the mass replacement of human police officers with Robocops to a world with no Robocops. Results: OG, OO, CO, CG PM Wajeeh Maaz80.0 DPM Lucie Slamova80.0 Total for drink on us for guessing who debate (Opening Government)160.0 LO Rick Tan78.0 DLO Umar Buckus78.0 Total for UCL (A)lternate Timeline (Opening Opposition)156.0 MG Tanush Agarwal77.0 GW Tajei Puthucheary76.0 Total for Oxford B (Closing Government)153.0 MO Dylan McCarthy76.0 OW Emily Frizell78.0 Total for Fax don't care about your fealty (Closing Opposition)154.0","artificial intelligence, criminal justice system, development, law, military, philosophy, politics"
epA2rsWyP38,LSE Open 2024 ESL Final Part2,THBT Narendra Modi's tenure as Prime Minister has done more harm than good for India OG: Tartu A OO: Athens A * DLO did not consent to recording CG: burning trashfire CO: Balkan Girls * MO did not consent to recording OO wins on a 3-2 split,
Sdzo-MTsors,LSE Open 2024 ESL Final Part1,THBT Narendra Modi's tenure as Prime Minister has done more harm than good for India OG: Tartu A OO: Athens A * DLO did not consent to recording CG: burning trashfire CO: Balkan Girls * MO did not consent to recording OO wins on a 3-2 split,
JeW_hOW70sw,LSE Open 2024 Open Final,THP a world where the natural ageing process is replaced with the Shani Ageing Process,"environment, medical, politics, tourism"
z-psm84s6Q8,LSE Open 2024 Open Quarterfinals B,"THBT European football leagues should require teams to include a minimum of five domestic players in their starting line-up OG: Princeton/McGill LR OO: Ninja Pagongs CG: drink on us for guessing which of us debates on their birthday *max of one guess per person, the drink will be tournament yakka, T&Cs apply CO: Asian John and White Yoko OG and OO progressed",sport
iF7HKl7oNlM,LSE Open 2024 Open Quarterfinals A,"THBT European football leagues should require teams to include a minimum of five domestic players in their starting line-up OG: Harish and Matt OO: Extending into your mum&#x27;s dm CG: Dr Strangelove or How I Learned to Stop Worrying and Love the Bin CO: We came here to end racism and win debates, and we're all out of racism OG and CO progressed",sport
PNjaMg56KgY,LSE Open 2024 Round 5 B,"THS the current economic decline of China Results: CO, OO, OG, CG PM Taha Iqbal 77.0 DPM Keerthana Bathula 78.0 Total for Challenging Universal Notions Towar (Opening Government)155.0 LO Josh Kemp 78.0 DLO Jack Stanley 78.0 Total for In Russia, death and sex are the sa (Opening Opposition)156.0 MG Shaq Scott-Davis 77.0 GW Tom Kuson 76.0 Total for Shaq&Tom (Closing Government)153.0 MO Shane Tully 81.0 OW Roibeárd Mac Giolla Phádraig 79.0 Total for UCD L&H here to w(A)lk that fucking (Closing Opposition)160.0","conflict, economics, politics"
x1Im_6L-gCA,LSE Open 2024 Round 5 A,"THS the current economic decline of China Results: OO, CO, CG, OG PM Dylan McCarthy 78.0 DPM Emily Frizell 80.0 Total for Fax don't care about your fealty (Opening Government)158.0 LO Jack Palmer 84.0 DLO Lucy Murphy 82.0 Total for Not to victim blame, but Lucy deser (Opening Opposition)166.0 MG Teymour Aldridge 80.0 GW Dhruv Hariharan 81.0 Total for ETH Zürich DT (Closing Government)161.0 MO Rick Tan 82.0 OW Umar Buckus 83.0 Total for UCL (A)lternate Timeline (Closing Opposition)165.0","economics, politics"
Xvazburi7aU,LSE Open 2024 Round 4 C,"This House Believes that modern rap and hip-hop has done more harm than good for women Results: CO, OO, CG, OG PM Rumen Marinov 80.0 DPM Radko Nedyalkov 80.0 Total for Avanti Ragazzi di Buda (Opening Government)160.0 LO Aniket Chakravorty 82.0 DLO Zarina Bell-Gam 83.0 Total for one worlds win and the dickhead’s g (Opening Opposition)165.0 MG Dylan McCarthy 81.0 GW Emily Frizell 81.0 Total for Fax don't care about your fealty (Closing Government)162.0 MO Wajeeh Maaz 83.0 OW Lucie Slamova 83.0 Total for drink on us for guessing who debate (Closing Opposition)166.0",politics
h5Xw3opE1wA,LSE Open 2024 Round 4 B,"This House Believes that modern rap and hip-hop has done more harm than good for women Results: OO, OG, CO, CG PM Fraser McConachie 81.0 DPM Alexandra McCreadie 82.0 Total for wooooo!!! debating!!!!! Let’s go!!! (Opening Government)163.0 LO Velina Andonova 85.0 DLO Alek Selveliev 86.0 Total for Harish if he was young, poor and ha (Opening Opposition)171.0 MG Ahmed Hussain 74.0 GW Pranav Baskar 74.0 Total for Oxford AP (Closing Government)148.0 MO Rick Tan 77.0 OW Umar Buckus 77.0 Total for UCL (A)lternate Timeline (Closing Opposition)154.0",politics
7gr5gOfP-40,LSE Open 2024 Round 4 A,"This House Believes that modern rap and hip-hop has done more harm than good for women Results: OO, CG, OG, CO PM Matt Caito83.0 DPM Harish Natarajan84.0 Total for Harish and Matt (Opening Government)167.0 LO Max Rosen85.0 DLO Xiao-ke Lu87.0 Total for Princeton/McGill LR (Opening Opposition)172.0 MG Mark Rothery85.0 GW Jack Synnott85.0 Total for We came here to end racism and win (Closing Government)170.0 MO Jack Palmer81.0 OW Lucy Murphy84.0 Total for Not to victim blame, but Lucy deser (Closing Opposition)165.0",politics
PmUAh2qfGwY,LSE Open 2024 Round 3 B,"TH, as Putin, regrets Russia's invasion of Ukraine in 2022 Results: OO, CO, OG, CG PM Maurice Coutiel75.0 DPM Maraia Chissa74.0 Total for W = mc² (Opening Government)149.0 LO Anoushka Kale77.0 DLO Emma Bell78.0 Total for Cambridge Swift (Opening Opposition)155.0 MG Mikołaj Jabłoński73.0 GW Michaela-Georgia Vachou-Peirantakou73.0 Total for Feta Zubrowka (Closing Government)146.0 MO Aryan Makhecha77.0 OW Manav Dhaliwal77.0 Total for brown and down to clown(frown) (Closing Opposition)154.0","conflict, politics"
wV7x8P2kefI,LSE Open 2024 Round 3 A,"TH, as Putin, regrets Russia's invasion of Ukraine in 2022 Results: OG, CG, OO, CO PM Aniket Chakravorty 83.0 DPM Zarina Bell-Gam 83.0 Total for one worlds win and the dickhead’s g (Opening Government)166.0 LO Panagis Gouvelis 82.0 DLO George Fragkiadakis 80.0 Total for Athens A (Opening Opposition)162.0 MG Aidan Woo 83.0 GW Eleanor Douglas 81.0 Total for Asian John and White Yoko (Closing Government)164.0 MO Joseph Lewis 81.0 OW Parth Pandya 79.0 Total for Parth Pandya's Peter Parker Partner (Closing Opposition)160.0","conflict, politics"
45n0fT8Cyak,LSE Open 2024 Round 2 B,This House Prefers a world with the mass replacement of human police officers with Robocops to a world with no Robocops,"artificial intelligence, criminal justice system, development, law, military, philosophy"
YI89yBO-lhE,LSE Open 2024 Round 2 A,This House Prefers a world with the mass replacement of human police officers with Robocops to a world with no Robocops,"artificial intelligence, criminal justice system, development, law, military, philosophy"
WM7e0YtXRI8,LSE Open 2024 Round 1B,This House Would ban faith-based schools in Western liberal democracies,"conflict, culture, education, politics, religion"
qVijCSdOIoo,LSE Open 2024 Round 1A,This House Would ban faith-based schools in Western liberal democracies,"culture, education, politics, religion"
oy_zE6G7Qzs,Vietnam WUDC 2024 Open Grand Finals,This House opposes the norm to prefer the natural to the artificial,environment
YVj0Zl6w0Xo,Vietnam WUDC 2024 Open Semifinals (Part 2),This House would ban vulture funds from suing countries whose debt they have purchased,"economics, politics"
4xF5Nu675PE,Vietnam WUDC 2024 Open Semifinals (Part 1),This House would ban vulture funds from suing countries whose debt they have purchased,"economics, politics"
5Elgthsky4E,Vietnam WUDC 2024 ESL Semifinals,This House would ban defensive measures against hostile take overs,politics
zuscRZBlwG8,Vietnam WUDC 2024 Open Quarterfinals,This House supports implementing a Pact of Forgetting in post-conflict states,"conflict, politics"
zcyN2x02PnY,Vietnam WUDC 2024 EFL Semifinals,This House prefers a diverse number of highly competitive banks to a small number of banks,economics
7AM3EHo9sAE,Vietnam WUDC 2024 ESL Quarterfinals,This House believes that religious leaders should primarily focus on individual circumstances rather than community-based reasons when addressing acts of religious extremism,"conflict, economics, medical, religion"
v1Gmk0VQ-ho,Vietnam WUDC 2024 Open Octofinals,This House opposes the stigma against laziness,politics
w7Wk1qXj2ZA,Vietnam WUDC Training - Argument Construction,by Kat Cheng and Sharuka Wikramanayake,
mw8PVl0Golw,Vietnam WUDC 2024 Demo Debate,This House supports the remilitarisation of Japan. The fast talkers (Tin Puljic and Matt Caito) vs The slow talkers (Jessica Musulin and Aditya Dhar) https://wudc2024.calicotab.com/wudc/,military
zFbXK6afiH8,Vietnam WUDC 2024 Round 3 (Part 2),This House believes that opposition parties in illiberal democracies should strongly pivot towards empowering women as the primary focus of their campaign https://wudc2024.calicotab.com/wudc/,politics
gFmy_3UhuBw,Vietnam WUDC 2024 Round 3 (Part 1),This House believes that opposition parties in illiberal democracies should strongly pivot towards empowering women as the primary focus of their campaign. https://wudc2024.calicotab.com/wudc/,politics
NcSI-Z-Qovg,Vietnam WUDC 2024 Round 2,"Infoslide: There are two ways that governments can consider disadvantage in policy-making. The ""integrated model"" incorporates disadvantage as an inherent consideration in policy-making (e.g. all new policies made in the education department must consider implications for rural students). The ""specialty model"" involves having a distinct division that specifically engages with policy for disadvantaged groups (e.g. the education department has a division that directly and separately addresses helping rural areas). This House prefers the integrated model to the specialty model https://wudc2024.calicotab.com/wudc/","education, politics"
48H6CIIDTOk,Navigating Africa's Economics (Vietnam WUDC Training),"WUDC Training 2️⃣ 𝐖𝐨𝐫𝐤𝐬𝐡𝐨𝐩 #𝟐: 𝐍𝐚𝐯𝐢𝐠𝐚𝐭𝐢𝐧𝐠 𝐀𝐟𝐫𝐢𝐜𝐚❜𝐬 𝐄𝐜𝐨𝐧𝐨𝐦𝐢𝐜𝐬 🗓️ Time: Friday, 22 December 2023, 14:00 GMT 🎓 Host: Njuguna Macharia https://www.facebook.com/VietnamWUDC2024/videos/217345438084899",
WpUhmYVB9JY,A deep dive into the Politics and IR of Latam (Vietnam WUDC 2023),WUDC Training 1️⃣ 𝐖𝐨𝐫𝐤𝐬𝐡𝐨𝐩 #𝟏: 𝐀 𝐝𝐞𝐞𝐩 𝐝𝐢𝐯𝐞 𝐢𝐧𝐭𝐨 𝐭𝐡𝐞 𝐏𝐨𝐥𝐢𝐭𝐢𝐜𝐬 𝐚𝐧𝐝 𝐈𝐑 𝐨𝐟 𝐋𝐚𝐭𝐚𝐦 🎓 Host: Juanita Hincapié Restrepo - Panama WUDC 2025 CA - Three times WUDC EFL Finalist https://www.facebook.com/VietnamWUDC2024/videos/239876182461997,
ImR8juaLda0,Diliman Debate Open 2023 Open Final,"OPEN FINALS INFOSLIDE: Postmodernism rejects concepts of rationality, objectivity, and universal truth. Instead, it emphasizes the diversity of human experience and multiplicity of perspectives. THBT postmodernism in higher education studies has done more harm than good OG: The reverse of eating (Kotaro Yoshida, Ricky Jin) OO: UNSW Leslie-Keefe & Stajic (Branko Stajic, Conna Leslie-Keefe) CG: USU B (Matthew Toomey, Charlie Ryan) CO: USU Freeland & Bakker (Isabella Freeland, Eugene Bakker) *PM did not consent to having their speech livestreamed OO won (4-1 split) https://dilimandebateopen.calicotab.com/ddo23/results/round/8/",education
liPdIzvAEOI,Diliman Debate Open 2023 Quarterfinals,THP a world where the publishing industry did not form conglomerates,politics
PeLR85dXar0,"The Natolin European Round Robin Debating Championships Round 5, Grand Final","This House, as the Iranian government, would fulfill its obligations under the JCPOA The debate starts at 39:30",politics
0tHTgIvgB-w,The Natolin European Round Robin Debating Championships Round 1-4,"This House, as religious individual would prefer to be a part of a religious community that proselytizes over the one that does not. The debate starts at 3:15:30 The OA starts at 4:54:10","culture, economics, philosophy, religion"
5ib1X2Se5Ss,LSE IV 2023 Open Final,THW stay in a committed monogomous ralationship with the worm,"culture, medical"
Xoms3oYeojg,LSE IV 2023 Open Semifinals,THO Consequentialism* [*The doctrine that the morality of an action is to be judged solely by its consequences] OG and CG progressed,"law, philosophy"
kevL_Fe_WdY,Astana Open 2023 Open Final,"THBT humanity should choose voluntary human extinction as opposed to continued existence. OG: Zagreb PT (Paula Djaković, Tin Puljić) OO: Ryan and Tejas (Tejas Subramaniam, Ryan Lafferty) CG: Less stoicism motions than Astana 2021 (Biser Angelov, Maria Matcheva) CO: HUJI Who (Naomi, Yishai) https://astanaopen.calicotab.com/_/",
sSKW12HTFAY,Astana Open 2023 Open Semifinals,"THPAW where religious beliefs and teachings are not codified into scripture or doctrine OG: TCD Hist PW (Naomi Panovka, Daniela Williams) OO: Zagreb PT (Paula Djaković, Tin Puljić) (progressed) CG: Oxford (B)arbie Boy and Oppenheimer Girl (Aidan Woo, Elena Radulescu) CO: Less stoicism motions than Astana 2021 (Biser Angelov, Maria Matcheva)(progressed) https://astanaopen.calicotab.com/_/",religion
xQT85N4kCnw,Astana Open 2023 Open Quarterfinals,"THBT progressive movements should heavily prioritize policy issues (e.g. economic redistribution, climate change, criminal justice system, etc.) at the expense of the sociocultural issues (e.g. media and institutional representation, canceling public individuals, etc) OG: HUJI Who (Naomi, Yishai) OO: McDonald and the Newman (Hamza Nouman, Craig McDonald) CO: Ryan and Tejas (Tejas Subramaniam, Ryan Lafferty) https://astanaopen.calicotab.com/_/","criminal justice system, culture, economics, environment, media"
aK94FKyD9Dw,Astana Open 2023 ESL Final,THW criminalize having a consistently negative moral track record,"criminal justice system, law, philosophy"
qiic5jUhpos,Astana Open 2023 ESL Semifinals,"THBT progressive movements should heavily prioritize policy issues (e.g. economic redistribution, climate change, criminal justice system, etc.) at the expense of the sociocultural issues (e.g. media and institutional representation, canceling public individuals, etc) OG: Technion A (Yael Wolff, Guy Wolf) OO: Ukelele Apologists (Raymond Kimura, Cheng Zu) CG: ATHENS A (George Fragkiadakis, Panagis Gouvelis) (progressed to ESL final) CO: Integrated rebbutal (Miloš Prokić, Djordje Mirkovic) (progressed to ESL final) https://astanaopen.calicotab.com/_/","criminal justice system, culture, economics, environment, media"
JuS2PIQFivM,Astana Open 2023 Round 5,THW require all neighbourhoods to represent the ethnic makeup of that country,politics
0sI3Nokqq7g,Astana Open 2023 Round 5,THW require all neighbourhoods to represent the ethnic makeup of that country,politics
upvkScE5xAQ,Astana Open Round 4,THS churches expelling current gang members,"criminal justice system, religion"
Eo6fhTY4jO8,Astana Open 2023 Round 3,"THBT social media companies should manipulate users’ newsfeeds in order to promote progressive content OG: Less stoicism motions than Astana 2021 (Biser Angelov, Maria Matcheva) OO: Oxford (B)arbie Boy and Oppenheimer Girl (Aidan Woo, Elena Radulescu) CG: Ryan and Tejas (Tejas Subramaniam, Ryan Lafferty) CO: Zagreb PT (Paula Djaković, Tin Puljić) https://astanaopen.calicotab.com/_/",media
jZDK4L7Z2jA,Astana Open 2023 Round 2,"THBT academia should focus on social relevance over academic relevance OG: Ryan and Tejas (Tejas Subramaniam, Ryan Lafferty) OO: I'm sick of judging so decided to debate (Youngwoo Park, Haeseong Pyun) CG: TCD Hist Rehan and Ziyad (Ziyad Anwer, Rehan Haneef) CO: UFD India (Anshuman Mishra, Arnav Agrawal) https://astanaopen.calicotab.com/_/","education, international relation"
WZwRRnzYQTk,Astana Open 2023 Round 1,THO parents being heavily involved with their children's show business careers,politics
3MELfhiHd-s,Vietnam WSDC 2023 Grand Final - USA vs Canada,This House Prefers a world ruled by a benevolent AI programmed to maximize utility by calculating the actions most guaranteed to reduce the greatest global suffering Proposition: USA Opposition: Canada Prop won https://www.youtube.com/playlist?list=PLAntmD_yHPRCPBuUVQujKcdczKF8ccSgn,artificial intelligence
ekcu7wxumxg,Vietnam WSDC 2023 Semi Finals - Malaysia vs USA,#debate #WSDC #WSDC2023 Malaysia vs USA / Semi Finals / Vietnam WSDC 2023 Proposition: Malaysia Opposition: USA Info Slide: A typical nuclear family is composed of two partners with children. In some countries a significant and vocal part of the LGBTQ+ movement are actively advocating settling down and forming nuclear families. Motion: This House believes that the LGBTQ+ community should actively embrace the nuclear family ideal Opp won https://www.youtube.com/playlist?list=PLAntmD_yHPRCPBuUVQujKcdczKF8ccSgn,"culture, military, social movement"
f2YZJfJe0UA,Vietnam WSDC 2023 Quarter Finals - Malaysia vs Zimbabwe,"This House believes that offensive art should not be commissioned for public spaces (Museums, Parks, Squares, etc.) Prop won https://www.youtube.com/playlist?list=PLAntmD_yHPRCPBuUVQujKcdczKF8ccSgn",culture
1ncTrQib18U,Vietnam WSDC 2023 PDOs - Australia vs New Zealand,This House regrets depictions of veganism as trendy. Opp won https://www.youtube.com/playlist?list=PLAntmD_yHPRCPBuUVQujKcdczKF8ccSgn,animal right
FWIqj_04lfM,Vietnam WSDC 2023 Round 8 - USA vs Sri Lanka,This House believes that developing countries should drop local languages in favor of a world language as the primary medium of instruction in schools. Prop won https://www.youtube.com/playlist?list=PLAntmD_yHPRCPBuUVQujKcdczKF8ccSgn,"development, education"
u7Id-KddhyE,Vietnam WSDC 2023 Round 7 - Scotland vs Malaysia,This House would replace agricultural companies with farmers' cooperatives. Prop won https://www.youtube.com/playlist?list=PLAntmD_yHPRCPBuUVQujKcdczKF8ccSgn,culture
KgjZc3NXxv8,Vietnam WSDC 2023 Round 6 - Zimbabwe vs Czech Republic,This House regrets the professionalisation of sports. Opp won https://www.youtube.com/playlist?list=PLAntmD_yHPRCPBuUVQujKcdczKF8ccSgn,sport
zGCy-dNXCPA,Vietnam WSDC 2023 Round 5 - Japan vs Korea,This House believes that African countries should recognize the sovereignty of Somaliland. Prop won https://www.youtube.com/playlist?list=PLAntmD_yHPRCPBuUVQujKcdczKF8ccSgn,politics
7a_cEsiUcrg,Vietnam WSDC 2023 Round 4 - Canada vs Poland,This House believes that the feminist movement should promote the maximisation of individual development and empowerment over solidarity among women. Prop won https://www.youtube.com/playlist?list=PLAntmD_yHPRCPBuUVQujKcdczKF8ccSgn,development
r9ZGZAEVarI,Vietnam WSDC 2023 Round 3 - Indonesia vs South Africa,This House opposes internet gurus selling their own products and services. Opp won https://www.youtube.com/playlist?list=PLAntmD_yHPRCPBuUVQujKcdczKF8ccSgn,technology
_AGoAYrB_HA,Vietnam WSDC 2023 Round 2 - Singapore vs Thailand,This House supports the use of the nine planetary boundaries framework. Opp won https://www.youtube.com/playlist?list=PLAntmD_yHPRCPBuUVQujKcdczKF8ccSgn,politics
IUK225iFPL4,Vietnam WSDC 2023 Round 1 - Bermuda vs Poland,This house believes that the World Bank Group should adopt a one-country-one-note system. Opp won https://www.youtube.com/playlist?list=PLAntmD_yHPRCPBuUVQujKcdczKF8ccSgn,economics
EBo0lRLEIrQ,Krabi Australs 2023 Open Final - University of Sydney vs National University of Singapore,"That as a young woman with feminist beliefs, we would embrace a dissociative feminist persona Teams: Affirmative: University of Sydney Negative: National University of Singapore Adjudicators: Sharuka Wikramanayake (C), Davida Paul, Leah Mercier, Mikko Carlo Vitug, Sowmya Srinivasan, Tomas Frankham, Youngwoo Park","education, social movement"
rD-jUWdPggY,Krabi Australs 2023 ESL Final - Universiti Teknologi MARA vs Indira Gandhi National Open University,"That we prefer religious teachings that emphasise the belief that human beings are born good instead of born evil Teams: Affirmative: Universiti Teknologi MARA Negative: Indira Gandhi National Open University Adjudicators: Elinor Stephenson (C), Anum Naseer, Brendon Chen, Joel law, Michael Xu, Robert Barrie, Ruth Selorme Acolatse","education, law, religion"
iil_1rVe3uY,Krabi Australs 2023 EFL Final - Islamic University of Technology vs Beihang University,"That we prefer a world where the “mottainai” mentality is dominant Teams: Affirmative: Islamic University of Technology Negative: Beihang University Adjudicators: Sally Lee (C), Bennett Roebuck-Krautz, Fraser Windsor, Jade Di Girolamo, Kevin Lee, Lily Chalmers, Mathew Toomey","education, environment, technology"
GhbSMRtSq2E,Krabi Australs 2023 Semifinals USU 1 vs USU 2,"That, as Japan's Liberal Democratic Party, we would introduce policies that significantly encourage foreign migration to Japan. [Japan] Aff won",politics
OWV72USXoxc,Krabi Australs 2023 Quarterfinals UQ 1 vs USU 1,That we support a global ban on crypto currency [crypto] Neg won,
aRe5jkcDs4g,Krabi Australs 2023 ESL Semifinals - IGNOU ARR vs UI HJJ,"That, as Prigozhin, we regret agreeing to the conditions of the deal brokered by Belarus. [Belarus] Aff won",
-RsrNNcsOUQ,Krabi Australs 2023 Pre-Quarterfinals - Macquarie 1 vs NUS 1,That the environmental movement should heavily prioritise nuclear power in their energy advocacy. [Nuclear] Neg won,"environment, military"
77xtZryub3A,Krabi Australs 2023 Pre-Quarterfinalis - UNSW CMB vs UTS TGM,That the environmental movement should heavily prioritise nuclear power in their energy advocacy. [Nuclear] Aff won,"environment, military"
c3aJGBuipsI,Krabi Australs 2023 Pre-Quarterfinals - SYDNEY KJJ vs UQ NCI,That the environmental movement should heavily prioritise nuclear power in their energy advocacy. [Nuclear] Neg won,"environment, military"
XcA2lOjVS3o,Krabi Australs 2023 Pre-Quarterfinals - Melbourne 1 vs Auckland 1,"The Climate Co-benefits Approach mandates that any World Bank project must have a percentage of that project's budget and activities directed towards climate adaptation or mitigation, regardless of its primary objective (e.g. including projects whose primary objectives are related to health, education, and social protection). The climate co-benefits connect climate action to the project's primary objectives. Examples of climate co-benefits would be adding solar panels to schools, hospitals and other infrastructure; actively directing funding towards more climate vulnerable areas; including training modules on climate adaptation etc. The World Bank's Climate Investment Fund (CIF) is a dedicated climate fund for climate change related projects. The CIF exists independently of climate co-benefits and is funded separately. That the World Bank should cease the Climate Co-benefits Approach and instead redirect an equivalent proportion of every project's budget towards the Climate Investment Fund. [Climate Investment Fund] Aff won","economics, education, environment, medical"
qJHuabMMm3Q,Malaysia United Asian Debating Championship 2023 Open Grand Final (UADC 2023),"Under the veil of ignorance, TH, as an individual, W choose to be born in a religious community with strong communal values as opposed to secular society. Government: Ateneo 2 (Riva Fong, Rivaldo Aquino, Bea Cuizon) Opposition: Ateneo 1 (Mikko Vitug, David Africa, Tobi Leung) Adjudicators: Pranav Kagalkar Ⓒ, Abhishek Acharya, Adel Mostaque Ahmed, DB Lee, Daniel Maier-Gant, Minami Matsushima, Rahul Datta, Srijan, Vladimira Šuflaj The speeches do not reflect the personal views of the debater, they are assigned to the positions randomly credits to: @intertexteducation","education, politics, religion"
i9iey9UIfV4,Malaysia United Asian Debating Championship 2023 Round 7 (UADC 2023),"THBT India should substantially ease restrictions on Chinese trade and investment Government: Basket (team code name) (Amy Lee, Cavan Tay, Shaun Lee) Opposition: Lady Beetle (team code name) (Mikko Vitug, David Africa, Tobi Leung) Adjudicators: Vinodhan Ⓒ, Vani Bhardwaj, Baroness Maria S. De Leña Ⓣ The speeches do not reflect the personal views of the debater, they are assigned to the positions randomly credits to: @intertexteducation","economics, education, international relation, politics"
fH6UfAZXRIY,Malaysia United Asian Debating Championship 2023 Round 6 (UADC 2023),"THBT all large data AI repositories should be forced to pay companies for training data skimmed from the internet, even in instances where they are typically free for users (e.g. youtube, Reddit, Facebook, CNN, BBC, etc.). Government: Chicken Rock (team code name) (Nitin Kumar Saidha, Chinmaya Mohan, Ishaan Sengupta) Opposition: Lady Beetle (team code name) (Mikko Vitug, David Africa, Tobi Leung) Adjudicators: Danyal Maqbool Ⓒ, Vince Hubilla, WONG JO ANN Ⓣ The speeches do not reflect the personal views of the debater, they are assigned to the positions randomly credits to: @intertexteducation","artificial intelligence, education, politics, technology"
9z9vE8se30Q,Trinity IV 2021 Grand Final,THBT Yin and Yang should be imprisoned. OG: Oxford We aren't Oxford really (Andrew Chen and Aniket Chakravorty) OO: Whys woves twiwight mwowe than debating OwO (Lucie Slamova and Rhys Steele) CG: Ateneo AS (David Africa and Jaime Siy) CO: The Caito and Panovka award for the most words in a 7 minute speech (Matt Caito and Naomi Panovka) Winners: CO https://trinityiv.tcdhist.com/trinity,criminal justice system
WhUT16hNgaU,Erasmus Rotterdam Open 2023 Grand Final,"Info slide: The Reality Splitter is a technology which, when utilised, can “split” geographic areas into two localised parallel dimensions occupying the same geographic space. Once “split,” changes in one localised parallel dimension do not affect events that go on in the other. However, space outside the area in which the Reality Splitter is used is entirely unaffected. When people enter a physical area in which the Reality Splitter was used for the first time, they must choose up to one of the parallel dimensions to enter. Once that person chooses which dimension to enter, they will only ever “see” that dimension when they occupy that physical area for the rest of their lives. For example, if someone were to use the Reality Splitter in a forest, two forests occupying the same overlapping space would now exist. In one dimension, people could remove trees from the forest, while in the other dimension the forest would be entirely unaffected. Assuming political feasibility, THS the use of the Reality Splitter by governments as a solution for major international conflicts over land (for example, using it to create two states occupying the same geographic area)","conflict, international relation, politics, religion, technology"
B_Sy1kUs3Pg,Uhuru Worlds 2023 Grand Final,"THBT judges ought to interpret the constitution from an originalist perspective Panel: Tousif Tanvir AlamⒸ , Ananya Kumar , Anna Sawicka , Benjamin J. Speth , William Smith Teams: OG: Bucharest A - Ana Coman, Valeriu Carasel OO: Only chronically partnerless - Matt Mauriello, Wajeeh Maaz CG: Oxford AP - Pranav Baskar, Ahmed Hussain CO: LSE If u can't pre with alchool, pre with vibes - Stefan Milicescu, Sachin Tissera",law
Acf290HPHVs,Uhuru Worlds 2023 Semifinals,"TH would provide significant campaign funding for congressmen and senators who score highly on bipartisan metrics in western liberal democracies Panel: William SmithⒸ , Joseph Hutchison , Nimay Sanghi , Oladi Gabisi , Yi Zoe Zhu Wang Teams: OG: Pirates of the Gulf of Guinea - Eziel Johnson, Joshua Cohen OO: TCD Hist Rehan and Ziyad - Rehan Haneef, Ziyad Anwer CG: Oxford AP - Pranav Baskar, Ahmed Hussain CO: Bucharest A - Ana Coman, Valeriu Carasel","military, politics"
AesMdpZ9pyM,Uhuru Worlds 2023 Quarterfinals,"TH, as WUDC Council, would ratify a constitutional amendment that allows composite teams to be eligible to break under extenuating circumstances rather than a blanket ban Teams: OG: Cornell Gaveal's biggest fans - Ram Orfanel, Eli Pallrand OO: GUU (B)reaking Free - Alyssa Mills, Isaac Gilbert CG: London School of Economics If u can't pre with alcohol, pre with vibes - Stefan Milicescu, Sachin Tissera CO: Harold and Kumar (guess which one isn't brown) - Muzamil Godil, Pranav Anand","economics, education, law, religion"
dGTB4MgPK-o,LSE Open 2023 Finals,"Info slide: Hamlet is the son of a medieval King of Denmark. After the sudden death of his father, his mother marries his uncle Claudius, who becomes king. One night, Hamlet has a vision in which the ghost of his father appears to him and tells him that he was murdered by Claudius in a plot to take the throne. The ghost tells Hamlet to kill Claudius to avenge his death. TH, as Hamlet, Would kill Claudius. OG: Split me harder than The Reformation split the Church (Dylan McCarthy, Josh Kemp) OO: LSE B (Taha Iqbal, Hamza Tariq Chaudhry) CG: Harish and Naomi (Harish Natarajan, Naomi Panovka) CO: Tin and Miri (Tin Puljić, Miri Muntean) CG won",religion
w-vh3L6JaPw,LSE Open 2023 Semifinals,"TH, as France, Would withdraw from its former colonies in Africa OG: LSE Protein Sheikhs (Matt Caito, Ahmed El Sammak) OO: Split me harder than The Reformation split the Church (Dylan McCarthy, Josh Kemp) CG: Wait this isn’t Masters format? (Jack Stanley, Lucy Murphy) CO: LSE B (Taha Iqbal, Hamza Tariq Chaudhry) OO and CO advanced",religion
WdrfJwQTK-A,LSE Open 2023 Pre-Semifinals Part2,"Info slide: Job is a pious man who has no proof of God's existence or goodness, but believes all the same. To test him, God allows all of his children to die, all of his wealth to be lost, and his physical health to diminish. God does not offer a justification for this test, and Job is given no indication of what will happen if he continues to believe or renounces his faith in God. TH, as Job, Would keep the Faith OG: Split me harder than The Reformation split the Church (Dylan McCarthy, Josh Kemp) OO: Oxford AP (Ahmed Hussain, Pranav Baskar) CG: UCL Team Asteroid (Umar Buckus, Stella Stenou) CO: Wait this isn’t Masters format? (Jack Stanley, Lucy Murphy) OG and CO advanced","medical, religion"
VYi0ZPM8__g,LSE Open 2023 Pre-Semifinals Part1,"Info slide: Job is a pious man who has no proof of God's existence or goodness, but believes all the same. To test him, God allows all of his children to die, all of his wealth to be lost, and his physical health to diminish. God does not offer a justification for this test, and Job is given no indication of what will happen if he continues to believe or renounces his faith in God. TH, as Job, Would keep the Faith OG: Split me harder than The Reformation split the Church (Dylan McCarthy, Josh Kemp) OO: Oxford AP (Ahmed Hussain, Pranav Baskar) CG: UCL Team Asteroid (Umar Buckus, Stella Stenou) CO: Wait this isn’t Masters format? (Jack Stanley, Lucy Murphy)","medical, religion"
X-YfGAuqLiA,LSE Open 2023 Round 5,"Assuming feasibility, TH Would give all animals human levels of cognition and powers of speech OG: Oxford Sksksksksksk - back in endz (Aniket Chakravorty, Zarina Bell-Gam) OO: WSDC Hong Kong (Dhruv Leekha, Jason Xiao) CG: UNWE Less equity, more wins than LSE Open 2021 (Biser Angelov, Maria Matcheva) CO: LSE Protein Sheikhs (Matt Caito, Ahmed El Sammak) 1 CO 84 84 2 OO 82 83 3 OG 78 83 4 CG 76 81",animal right
zJqukURpK44,LSE Open 2023 Round 3 Room 1,"TH Supports the continued increase of windfall taxes on energy companies who made high profits within the period of high energy prices OG: Harish and Naomi (Naomi Panovka, Harish Natarajan) OO: WSDC Hong Kong (Dhruv Leekha, Jason Xiao) CG: LSE B (Taha Iqbal, Hamza Tariq Chaudhry) CO: Tin and Miri (Tin Puljić, Miri Muntean) 1 OG 85 84 2 CG 83 84 3 CO 81 80 4 OO 79 80",economics
zCVgJrH0zLo,LSE Open 2023 Round 4,"OG: 10 min coffee 5 min prep (Han Yang Goh, Karen Chen) OO: Oxford Andrew Chen’s biggest fans (Tanae Rao, Elena Radulescu) CG: Oxford thick dads who vape for christ (Aidan Woo, Mark Rothery) CO: Wait this isn’t Masters format? (Jack Stanley, Lucy Murphy) 1 CO 80 81 2 CG 79 78 3 OO 76 77 4 OG 76 74",
GOhjOmif-f4,LSE Open 2023 Round 5,"Assuming feasibility, TH Would give all animals human levels of cognition and powers of speech OG: Wait this isn’t Masters format? (Jack Stanley, Lucy Murphy) OO: Harish and Naomi (Naomi Panovka, Harish Natarajan) CG: Tin and Miri (Tin Puljić, Miri Muntean) CO: LSE B (Taha Iqbal, Hamza Tariq Chaudhry) 1 OO 84 82 2 CO 82 82 3 CG 82 80 4 OG 78 81",animal right
7LpOo_YrCPo,LSE Open 2023 Round 2 Room 2,"Info slide: In constitutional law, the bill of rights lists the rights that are guaranteed to all citizens. In most countries if citizens feel that their rights have been contravened by an act of the government they can bring a case before the constitutional court, arguing that a specific, listed right has been disregarded. Alternatively, the bill of rights could be replaced by a single, undefined """"right to justice"""". Under this new system, if citizens felt that any right had been contravened by an act of the government, they could bring a case before the court arguing that their right to justice had been disregarded. They would have to show that the specific issue they are bringing to the court falls within the scope of the right to justice, which would be decided by the constitutional court based on argument and legal precedent. In countries with constitutional courts, TH Would replace the bill of rights with a free-standing right to justice OG: Oxford ChatgBP (Perry Beckett, Elizabeth McCabe) OO: Tin and Miri (Tin Puljić, Miri Muntean) CG: UNWE Less equity, more wins than LSE Open 2021 (Biser Angelov, Maria Matcheva) CO: Berlin Ü (Braedon Lehman, Dino Wildi) 1 OO 83 82 2 CO 81 79 3 CG 79 79 4 OG 78 76","law, politics"
4RS-9jOrmmU,LSE Open 2023 Round 2 Room 1,"Info slide: In constitutional law, the bill of rights lists the rights that are guaranteed to all citizens. In most countries if citizens feel that their rights have been contravened by an act of the government they can bring a case before the constitutional court, arguing that a specific, listed right has been disregarded. Alternatively, the bill of rights could be replaced by a single, undefined """"right to justice"""". Under this new system, if citizens felt that any right had been contravened by an act of the government, they could bring a case before the court arguing that their right to justice had been disregarded. They would have to show that the specific issue they are bringing to the court falls within the scope of the right to justice, which would be decided by the constitutional court based on argument and legal precedent. In countries with constitutional courts, TH Would replace the bill of rights with a free-standing right to justice OG: Bucharest A (Ana Coman, Valeriu Carasel) OO: Sofia Velina and Alek (Velina Andonova, Alek Selveliev) CG: LSE Protein Sheikhs (Matt Caito, Ahmed El Sammak) CO: Harish and Naomi (Naomi Panovka, Harish Natarajan) 1 CO 79 79 2 OO 77 78 3 OG 77 77 4 CG 76 77","law, politics"
9kamPalJAbU,LSE Open 2023 Round 3 Room 2,"TH Supports the continued increase of windfall taxes on energy companies who made high profits within the period of high energy prices OG: UPenn Operation Tax Evasion (Hasit Nanda, Maxwell Delorenzo) OO: Post-Ryan Support Group (Matt Mauriello, Madeleine Wu) CG: Wait this isn’t Masters format? (Jack Stanley, Lucy Murphy) CO: Oxford Sksksksksksk - back in endz (Aniket Chakravorty, Zarina Bell-Gam) 1 CO 83 83 2 CG 83 82 3 OG 80 81 4 OO 79 79",economics
EAMU2jcYOW8,Ateneo IV 2023 Open Finals,"TH as this person at this point in time with the pill in their hands, would take the pill. OG: PUCV Conchetumare la inscripcion weon OO: NUS DL CG: Take Yago out from Military CO: Queensland The Bin Chickens OO won TW // Assault and Rape MO and GW didn't consent https://www.facebook.com/AteneoDebateSociety",military
5Jf-0rAePcM,Bali Asian BP 2022 Open Final,This house prefers a world where valourised national heroes in history are morally flawed instead of morally good OG won The debate starts at 6:21 https://www.facebook.com/edudrift.official/videos/1314586236057940,"law, philosophy"
VZiO6G9dRK0,Madrid WUDC 2023 Quarterfinals Room 1.13,"#WUDC #WUDC2023 #MadridWUDC Info slide: During the recent economic crisis, the International Monetary Fund (IMF) has provided certain conditions to developing countries for receiving loans. These conditions require governments to adopt more market based economic policies. Targets include reducing government budget deficits and increasing international currency reserves. The policy conditions provided by the IMF include 1) reducing or eliminating fuel subsidies and fertiliser subsidies; 2) setting the currency exchange rate to international market rates; 3) implementing market-based interest rates; 4) anti corruption provisions. THBT the IMF removing all conditions on these loans, except for explicit anti corruption provisions, is preferable to the recent conditions to developing countries OG: Melbourne A OO: Sofia A CG: UNWE A CO: Harvard A OO and CO progressed https://www.facebook.com/MadridWUDC/videos/1573403859819987","development, economics, international relation, politics"
d1_5-9ZRWMM,Madrid WUDC 2023 Quarterfinals Room 1.18,"#WUDC #WUDC2023 #MadridWUDC Info slide: During the recent economic crisis, the International Monetary Fund (IMF) has provided certain conditions to developing countries for receiving loans. These conditions require governments to adopt more market based economic policies. Targets include reducing government budget deficits and increasing international currency reserves. The policy conditions provided by the IMF include 1) reducing or eliminating fuel subsidies and fertiliser subsidies; 2) setting the currency exchange rate to international market rates; 3) implementing market-based interest rates; 4) anti corruption provisions. THBT the IMF removing all conditions on these loans, except for explicit anti corruption provisions, is preferable to the recent conditions to developing countries OG: McGill A OO: Princeton B CG: TCD Phil A CO: Sydney A OO and CO progressed https://www.facebook.com/MadridWUDC/videos/1216219482642040","development, economics, international relation, politics"
oJZK-K0W3aI,Madrid WUDC 2023 Quarterfinals Room 0.07,"#WUDC #WUDC2023 #MadridWUDC Info slide: During the recent economic crisis, the International Monetary Fund (IMF) has provided certain conditions to developing countries for receiving loans. These conditions require governments to adopt more market based economic policies. Targets include reducing government budget deficits and increasing international currency reserves. The policy conditions provided by the IMF include 1) reducing or eliminating fuel subsidies and fertiliser subsidies; 2) setting the currency exchange rate to international market rates; 3) implementing market-based interest rates; 4) anti corruption provisions. THBT the IMF removing all conditions on these loans, except for explicit anti corruption provisions, is preferable to the recent conditions to developing countries OG: LSE B (Shaurya Chandravanshi [1:47] & Ted Chang [17:59]) OO: LSE A (Matt Caito [9:32] & Ahmed El Sammak [26:02]) CG: Stanford A (Vivian Zhu [34:57] & Tejas Subramaniam [51:38]) CO: Ateneo A (David Africa [42:59] & Tobi Leung [59:31]) OO and CO progressed https://www.facebook.com/MadridWUDC/videos/702687264574264","development, economics, international relation, politics"
rE4shgqnUfA,Madrid WUDC 2023 Quarterfinals Room 0.06,"#WUDC #WUDC2023 #MadridWUDC Info slide: During the recent economic crisis, the International Monetary Fund (IMF) has provided certain conditions to developing countries for receiving loans. These conditions require governments to adopt more market based economic policies. Targets include reducing government budget deficits and increasing international currency reserves. The policy conditions provided by the IMF include 1) reducing or eliminating fuel subsidies and fertiliser subsidies; 2) setting the currency exchange rate to international market rates; 3) implementing market-based interest rates; 4) anti corruption provisions. THBT the IMF removing all conditions on these loans, except for explicit anti corruption provisions, is preferable to the recent conditions to developing countries OG: Oxford B OO: Oxford A CG: TAU A CO: Sydney B CG and CO progressed https://www.facebook.com/MadridWUDC/videos/679993756954075","development, economics, international relation, politics"
dQZ2GG0Tuug,Madrid WUDC 2023 Octofinals Room 1.18,THP a focus on societal factors (e.g. socioeconomic factors) as opposed to individual factors (e.g. personal history) when addressing the causes and consequences of mental health issues,"economics, medical"
hG-A8zXym9o,Madrid WUDC 2023 Octofinals Room 0.09,#WUDC #WUDC2023 #MadridWUDC OG: St Andrews A OO: UNSW A CG: Melbourne A CO: Harvard A CG and CO progressed https://www.facebook.com/MadridWUDC/videos/596481032288047,
QfI-GBZfOJg,Madrid WUDC 2023 Octofinals Room 0.07,THP a focus on societal factors (e.g. socioeconomic factors) as opposed to individual factors (e.g. personal history) when addressing the causes and consequences of mental health issues,"economics, medical"
S6gTVkdFyEc,Madrid WUDC 2023 Octofinals Room 1.20,THP a focus on societal factors (e.g. socioeconomic factors) as opposed to individual factors (e.g. personal history) when addressing the causes and consequences of mental health issues,"culture, economics, medical"
1mCp3R7zMhE,Madrid WUDC 2023 PDOs Room 1.18,THW allow democratic governments to overturn supreme court/constitutional court decisions with a simple majority in the legislature,"law, politics"
OXuW9wQVuZQ,Madrid WUDC 2023 PDOs Auditorium,THW allow democratic governments to overturn supreme court/constitutional court decisions with a simple majority in the legislature,"law, politics"
5pe9VvHTZ3E,Madrid WUDC 2023 PDOs Room 0.07,THW allow democratic governments to overturn supreme court/constitutional court decisions with a simple majority in the legislature,"culture, law, politics"
6CBHEdxUPA4,Madrid WUDC 2023 PDOs Room 1.14,THW allow democratic governments to overturn supreme court/constitutional court decisions with a simple majority in the legislature,"law, politics"
XAhTD6gLvoc,Madrid WUDC 2023 PDOs Room 1.19,THW allow democratic governments to overturn supreme court/constitutional court decisions with a simple majority in the legislature,"law, politics"
zHmpM5ImjHM,Pre-WUDC Vienna Online Open 2022 Round 4,"THBT for students over the age of 14, art and literature curricula should actively include works with violent or sexual themes, as opposed to minimising their role in the curriculum. OG: UNWE A(sutra let us in Schengen pls) OO: Sofia A CG: NUS LL CO: HUJI It’s no new information it’s rest","culture, education"
8CCwC-tV9yE,Pre-WUDC Vienna Online Open 2022 Round 3,"THS political centrism (e.g. favouring moderate policies and bipartisan approaches to political engagement, ""reaching across the aisle"") as a dominant political ideology",politics
CHlnh6GCBSA,Pre-WUDC Vienna Online Open 2022 Round 2,THBT social movements should adopt the approach of ‘joyful militancy’. OG: Harvard no confidence in this case OO: Bucharest A(ustria's immigration problem) CG: Oxford DN CO: Sofia A,social movement
5VcB_C52TLM,Pre-WUDC Vienna Online Open 2022 Round 1,"Infoslide: A prenuptial agreement is a legally enforceable written contract entered into by a couple prior to marriage that enables them to select and control many of the legal rights they acquire upon marrying, and what happens when their marriage eventually ends by death or divorce. Motion: THS the normalisation of prenuptial agreements","law, politics"
U2UeEtIXbJQ,Pre-WUDC Vienna Online Open 2022 ESL Semifinals,THBT Biden should lift all sanctions on Venezuela. OG: qfin ppl OO: De La Salle AA CG: Reichman A CO: Tokyo YT OO and CO went through,"economics, environment, politics"
tHwssRROw-8,Pre-WUDC Vienna Online Open 2022 Grand Final,THO established states actively curating and promoting a patriotic sense of national identity,politics
XYqMTmG2kho,Pre-WUDC Vienna Online Open 2022 Quarterfinal,THO the focus on coming out in LGBTQ media and popular culture,"culture, education, media, social movement"
7vBW9OQ5Fqo,Pre WUDC Vienna Online Open 2022 ESL Final,"Infoslide: rePlayer is a technology which records whatever each individual sees for every moment of their lives. If they wish to, every person can download and replay any of their memories on a screen. You can't show these memory recording to anyone else, only play it for yourself. Motion: THP a world where everyone is equipped with a rePlayer",technology
WkaIFhmNZ9Y,UADC 2022 Open Grand Final,This house supports the concept of a Network State Government: Ateneo De Manila 1 Opposition: Tribhuvan 1 Gov won on a 5-4 split,"culture, law, politics, technology"
BjPXNr9Jf0Y,Belgrade WUDC 2022 Round 9 Room 2,This House Opposes the pressure to focus on promoting one's career at the expense of forming a family. OG Khandaker & Paul OO Sammak & Caito CG Vasić & Moscovici CO Jansen & Muntean 1 OO 85 84 2 CO 83 83 3 CG 80 81 4 OG 80 80 Official Facebook page: https://www.facebook.com/bgWUDClivestream,politics
ZjZeEWILHAc,Belgrade WUDC 2022 Round 4,"This House Would prohibit companies from regulating the private behaviors of their employees in employment contracts* *e.g., mandatory drug tests, no smoking policies, regulating their employees' social media, prohibiting models/actors from dating etc. OG - Danguilan OO - Šuflaj & Djaković CG - Palmer & McCarthy CO - Goh & Sim 1 OG 80 78 2 OO 78 78 3 CG 77 76 4 CO 75 75 Official Facebook page: https://www.facebook.com/bgWUDClivestream",media
j0Y4Yi6YQsk,Belgrade WUDC 2022 Open Grand Final,This House Supports a decline in global reliance on the dollar. OG Ateneo de Manila A (David Africa & Mikko Vitug) OO BRAC A (Sajid Asbat Khandaker & Sourodip Paul) CG Princeton B (Greg Weaving & Xiao-ke Lu) CO NUS A (Deon Kiew & Shaun Lee) OO won on a unanimous vote(9 out of 9) The debate starts at 3:26 Official Facebook page: https://www.facebook.com/bgWUDClivestream/,"international relation, politics"
cl6fSukqeIg,Belgrade WUDC 2022 ESL Grand Final,"ESL Finals has an info slide: It is the 6th of April, 1941. The bombing of Belgrade by Nazi Germany began at dawn. The air force of Belgrade consists of 10 airplanes and 10 pilots to operate the airplanes. Knowing that they are going into certain death, and that they are unlikely to change the outcome of the bombing, the 10 pilots decide to take to the skies to take down as many Nazi airplanes as they can before dying. The motion for ESL Finals reads This House Supports the 10 pilots flying to their death OG Technion A OO Haifa A CG Belgrade A CO Sciences Po B Official Facebook page: https://www.facebook.com/bgWUDClivestream/",politics
S6CAyZPSiFQ,Belgrade WUDC 2022 EFL Grand Final,"This House Prefers a world in which humans cannot experience nostalgia* *Nostalgia is a sentimental longing or wistful affection for something in the past, typically for a period or place with happy personal associations OG UGM C OO Warsaw A CG Zagreb B CO PUCP A",politics
x1uANEWOOi0,Belgrade WUDC 2022 Semifinals Room 2,"Semifinals has an info slide: For the purposes of this debate, religions that ""center the self"" embrace human existence and individual experiences as special. Believers are asked to consider their choices and experiences, struggles, and connection to God as uniquely important and a path to salvation. In contrast, religions that ""reject the self"" explicitly reject the idea that human existence and individual experiences are special. Believers are asked to accept individual experiences as temporary and unimportant, and individuality as an illusion that causes unhappiness. The motion for Semifinals reads This House Prefers religions that ""center the self"" to religions that ""reject the self"" OG Sydney D OO Princeton B CG NUS A CO Sofia A",religion
h_1T2s-DfOE,Belgrade WUDC 2022 Semifinals Room 1,"Semifinals has an info slide: For the purposes of this debate, religions that ""center the self"" embrace human existence and individual experiences as special. Believers are asked to consider their choices and experiences, struggles, and connection to God as uniquely important and a path to salvation. In contrast, religions that ""reject the self"" explicitly reject the idea that human existence and individual experiences are special. Believers are asked to accept individual experiences as temporary and unimportant, and individuality as an illusion that causes unhappiness. The motion for Semifinals reads: This House Prefers religions that ""center the self"" to religions that ""reject the self"" OG Ateneo de Manila A OO BRAC A CG Chicago KL CO TCD Phil A",religion
mR6UTag8Fss,Belgrade WUDC 2022 Quarterfinals Room 1,"Quarterfinals has an info slide: Advanced Analytics is the autonomous or semi-autonomous examination of data or content. It involves using sophisticated techniques such as machine learning algorithms, deep learning, predictive modelling, or other tools to discover deeper insights, make predictions, or generate recommendations. Advanced Analytics can be used for political microtargeting, which involves identifying the detailed profile of individual voters and voter groups, testing the most persuasive messages, and tailoring campaign strategy to target different voter profiles. The motion for Quarterfinals reads: This House Would ban the use of advanced analytics in political campaigns. OG Ateneo de Manila University A OO University Philosophical Society A CG Australian National University A CO McGill Debating Union A","artificial intelligence, education, politics, technology"
IUgHBLTz8N8,Belgrade WUDC 2022 Quarterfinals Room 2,"Quarterfinals has an info slide: Advanced Analytics is the autonomous or semi-autonomous examination of data or content. It involves using sophisticated techniques such as machine learning algorithms, deep learning, predictive modelling, or other tools to discover deeper insights, make predictions, or generate recommendations. Advanced Analytics can be used for political microtargeting, which involves identifying the detailed profile of individual voters and voter groups, testing the most persuasive messages, and tailoring campaign strategy to target different voter profiles. The motion for Quarterfinals reads This House Would ban the use of advanced analytics in political campaigns OG Chicago KL OO UNWE A CG BRAC A CO PEP Belgrade A OG and CG advanced Official Facebook page: https://www.facebook.com/bgWUDClivestream/","artificial intelligence, politics, technology"
Fylag_yuIpY,Belgrade WUDC 2022 Octofinals Room 1,This House Would ban corporate residential landlords* *Corporate residential landlords refers to corporations that own and maintain multiple apartments for the purpose of renting them out for residential use OG PEP Belgrade A OO UNWE A CG Princeton C CO Christ University A OG and OO advanced Official Facebook page: https://www.facebook.com/bgWUDClivestream/,education
CpZ1fGPRDso,Belgrade WUDC 2022 Octofinals Room 2,This House Would ban corporate residential landlords* *Corporate residential landlords refers to corporations that own and maintain multiple apartments for the purpose of renting them out for residential use. OG London School of Economics and Political Science C OO Sofia University A CG University of Alberta Debate Society B CO National University of Singapore A OO and CO advanced Official Facebook page: https://www.facebook.com/bgWUDClivestream/,"economics, education, politics"
w6sOGU6dob4,Belgrade WUDC 2022 ESL Quarterfinals Room 1,This House Opposes the rise in anti-establishment discourse OG UST 2 OO OBS Kwame Nkrumah B CG Belgrade B CO Belgrade A,politics
EhBU5FzYAiY,Belgrade WUDC 2022 Open Partial Double Octos Room 3,"This House Believes That the environmental movement should take more radical action in the fight against climate change (e.g., blocking roads, vandalism, blowing up pipelines etc.) OG Zagreb A OO TCD Phil A CG UCL PP CO ANU A OO and CO advanced Official Facebook page: https://www.facebook.com/bgWUDClivestream/",environment
LBTwNDoII64,Belgrade WUDC 2022 Open Partial Double Octos Room 1,"This House Believes That the environmental movement should take more radical action in the fight against climate change (e.g. blocking roads, vandalism, blowing up pipelines, etc.) OG TCD Hist B OO Trivium A CG Yale University A CO Harvard College KL OO and CG advanced Official Facebook page: https://www.facebook.com/bgWUDClivestream","education, environment"
DOm_nnzw1GA,Belgrade WUDC 2022 Open Partial Double Octos Room 2,"This House Believes That the environmental movement should take more radical action in the fight against climate change (e.g., blocking roads, vandalism, blowing up pipelines etc.) OG Sofia A OO CG GUU C CO Alberta B OG and CO advanced Official Facebook page: https://www.facebook.com/bgWUDClivestream",environment
61n_2BRtkAA,Belgrade WUDC 2022 ESL Quarterfinals Room 2,This House Opposes the rise in anti-establishment discourse. OG Tel Aviv university A OO De La Salle University A CG CO Haifa University A,education
W0M2-Zc8XZs,Belgrade WUDC 2022 Round 3,"This House Believes That LGBTQ+ movements in developing countries should integrate patriotism into their messaging* *including actions such as celebrating LGBTQ+ soldiers, talking openly about being ""queer and a patriot"", displaying the pride flag with the national symbol, and avoiding actions such as supporting independence movements within the country or publicly criticizing nationalism OG - Bannerman & Acheampong OO - Palmer & McCarthy CG - Trotter & Bakker CO - Lu & Weaving 1 CG 81 81 2 CO 81 80 3 OO 78 79 4 OG 77 78 Official Facebook page: https://www.facebook.com/bgWUDClivestream/","development, social movement"
eOJc-vJo1lM,Belgrade WUDC 2022 Round 6,This House Would implement fiscal central banking OG - Vasić & Moscovici OO - Karim & Kanungo CG - Gillis & Homnick CO - Radosavljević & Čelebić 1 OG 82 82 2 OO 81 80 3 CG 80 79 4 CO 78 77 Official Facebook page: https://www.facebook.com/bgWUDClivestream/,"economics, politics"
yc8X4p1WRUY,Belgrade WUDC 2022 Round 8,"Round 8 has an info slide: In 2004, Poland, Czech Republic, Slovakia, Hungary, Slovenia, Latvia, Lithuania, and Estonia joined the European Union (EU), followed by Bulgaria and Romania in 2007, and Croatia in 2013. For the purposes of this debate, the above countries are 'the Eastern bloc'. Serbia, Bosnia, and Northern Macedonia, along with other countries, are not currently part of the EU, but are aspiring to join the EU. The motion for Round 8 reads This House Prefers that the Eastern bloc countries had formed their own Union instead of joining the European Union (EU) OG Africa & Vitug OO Ju & Mentzinger CG Selveliev & Marinov CO Jansen & Muntean Official Facebook page: https://www.facebook.com/bgWUDClivestream/",culture
GG2OQIP5tCs,Belgrade WUDC 2022 Round 5,"Round 5 has an info slide: In many Balkan countries that were under Ottoman rule from the 14th to the 19th century (e.g. Bulgaria, Greece, Serbia, etc.), the history curriculum focuses heavily on the national struggle against the Ottoman Empire as well as the crimes of the Ottomans against the local population (e.g. forcibly taking children to join the Janissary military corps, forcible conversions from Orthodox Christianity to Islam, murder and torture of local population etc.). In these countries, the Ottoman Empire is viewed as a colonizer, and those who led national uprisings fighting for independence are revered as national heroes. The motion for Round 5 reads This House Opposes the emphasis on the struggle against the Ottoman Empire in the history curriculum of Balkan countries OG - / OO - Selveliev & Marinov CG - Kapelyukh & Cravaris CO - Sammak & Caito 1 CO 83 82 2 OO 81 81 3 CG 81 80 4 OG 78 79 Official Facebook page: https://www.facebook.com/bgWUDClivestream/","criminal justice system, military"
P28WviPguF8,Belgrade WUDC 2022 Round 7,"Round 7 has an info slide: ""Therapy speak"" refers to the significant expansion of psychological and medical language and concepts to daily life, outside of the academic context. This could include but is not limited to: - using terms like ""toxic"" or ""gaslighting"" when talking about interactions, friendships, or relationships in situations that do not meet the academic definition of these terms - referring to the urge to tidy up as ""OCD"", or a temporary inability to focus as ""ADHD"" - partaking in speculative psychiatric diagnoses of others, including public figures The motion for Round 7 reads This House Opposes the popularization of therapy speak OG Chang & Chandravanshi OO Vasić & Moscovici CG Sammak & Caito CO Selveliev & Marinov 1 CG 84 83 2 OO 83 83 3 CG 83 82 4 OG 80 82 Official Facebook page: https://www.facebook.com/BelgradeWUDC2022","education, medical"
RKl7nKNQDA8,Belgrade WUDC 2022 Round 9 Room 1,This House Opposes the pressure to focus on promoting one's career at the expense of forming a family OG Diskin & Toomey OO Kapelyukh & Cravaris CG Ju & Mentzinger CO Šuflaj & Djaković Official Facebook page: https://www.facebook.com/bgWUDClivestream/,politics
rkwnfceH9lc,Belgrade WUDC Training Program Round 5 Motion Debrief with Sher May,Belgrade WUDC Training Program Round 5 Motion Debrief with Sher May Official Facebook page: https://www.facebook.com/bgWUDClivestream,
vLCeEj5Ja5c,Belgrade WUDC 2022 Training Program: Special motion debrief with CAs,"This House Believes That the environmental movement should take more radical action in the fight against climate change (e.g., blocking roads, vandalism, blowing up pipelines etc.) ESL Quarter: This House Opposes the rise in anti-establishment discourse Open Octo: This House Would ban corporate residential landlords* *Corporate residential landlords refers to corporations that own and maintain multiple apartments for the purpose of renting them out for residential use Official Facebook page: https://www.facebook.com/bgWUDClivestream/",environment
oaFoWHja-FU,Belgrade WUDC 2022 Training Program: Winning Strategy with Harish Natarajan & Raffy Marshall,Belgrade WUDC 2022 Training Program Workshop “Winning Strategy” – held by Harish Natarajan & Raffy Marshall Official Facebook page: https://www.facebook.com/bgWUDClivestream/,
YSGtVcuXgC0,Belgrade WUDC 2022 Training Program: Maximise your development following WUDC,"Belgrade WUDC 2022 Training Program: Maximise your development following WUDC with Klaudia Maciejewska, Juanita Hincapie Restrepo and Njuguna Macharia",development
sOsuO2mYyJw,Belgrade WUDC 2022 Model Debate Babies vs Dinos,"Info slide: In 2004, Poland, Czech Republic, Slovakia, Hungary, Slovenia, Latvia, Lithuania, and Estonia joined the European Union (EU), followed by Bulgaria and Romania in 2007, and Croatia in 2013. For the purposes of this debate, the above countries are 'the Eastern bloc'. Serbia, Bosnia, and Northern Macedonia, along with other countries, are not currently part of the EU, but are aspiring to join the EU. This House Prefers that the Eastern bloc countries had formed their own Union instead of joining the European Union (EU)",culture
pdTZNWa30pM,Belgrade WUDC 2022 Training Program: Framing in Outrounds with Lee Chin Wee,Belgrade WUDC 2022 Training Program: Framing in Outrounds with Lee Chin Wee Official Facebook page: https://www.facebook.com/bgWUDClivestream/,
LPp5qmAoiT8,Belgrade WUDC 2022 Training Program: Round 7 Motion Debrief with Ruth Silcoff,Motion Debrief with Ruth Silcoff Official Facebook page: https://www.facebook.com/bgWUDClivestream/,
d7sXHjsfqlU,Belgrade WUDC 2022 Training Program: Judging at WUDC with Njuguna Macharia,Workshop - Judging held by Njuguna Macharia Official Facebook page: https://www.facebook.com/bgWUDClivestream,
Skcsu-xQ8Lc,Belgrade WUDC 2022 Training Program: Refined Rebuttal with Teck Wei Tan,Belgrade WUDC Training Program Rebuttal with Teck Wei Tan Official Facebook page: https://www.facebook.com/bgWUDClivestream,
VN9-oyS0wvQ,Belgrade WUDC 2022 Model Debate CA Battle,"Demo debate: CA Battle Madrid WUDC v Vietnam WUDC - Aditya Dhar & Daniel Maier-Gant vs. Jessica Musulin & Lovro Šprem Info slide: For the purposes of this debate, ""fiscal central banking"" refers to an economic system that grants central banks the mandate to control circulation of money in the economy through fiscal policy in addition to monetary policy. Under this system central banks can define limitations for the size of the budget, but not its distribution. i.e. they can decide rates for various taxes and limit or increase overall government spending, but can't decide what the money is spent on In times of economic crisis, This House Would implement fiscal central banking Official Facebook page: https://www.facebook.com/bgWUDClivestream/","economics, politics"
OF0jrZgwZLU,Belgrade WUDC 2022 Training Program: Mastering Extensions with Teck Wei Tan & Sharmila Parmanand,Workshop “Mastering Extensions” held by Teck Wei Tan & Sharmila Parmanand Starts at 4:32 Official Facebook page: https://www.facebook.com/bgWUDClivestream/,
Bd6_kFtXaJ8,Belgrade WUDC 2022 Training Program: Round 3 Motion debrief with Klaudia Maciejewska,Motion debrief Round 3 Motion held by Klaudia Maciejewska Official Facebook page: https://www.facebook.com/bgWUDClivestream,
73dNFvAAWGU,Belgrade WUDC 2022 Training Program: Turf burning & Prioritisation in Opening,Openings with Jessica Musulin & Benjamin Vigueras Official Facebook page: https://www.facebook.com/bgWUDClivestream/,
NbbQx2-Li-8,Belgrade WUDC 2022 Public Speaking Grand Final,"The topic for the Public Speaking Grand Final will be the following prompt: ""If the world was ending""",
f0cu0gC88aY,Doxbridge Pre-WUDC 2022 Grand Final,"OG - Lemon or not, here we come OO - palmer's at a wedding so I had to wheel this old f*cker out CG - LSE A CO - Stanford/Yale BS Info Slide: Since its inception in 2020, benevolent capitalistic entity 'Doxbridge Debating' has run 13 international tournaments for thousands of participants from around the world. As a result, Steven has bought himself several magnums of Dom Pérignon. Motion: THR the rise of for-profit debating OO won The debate starts at 18:09 https://www.facebook.com/Doxbridge-Debating-438060400426337",international relation
RkvpyqTOCiI,Doxbridge Pre-WUDC 2022 Semifinals,THW press the button. CG and CO advanced The debate starts at 15:58 https://www.facebook.com/Doxbridge-Debating-438060400426337,media
8hUpMhGwTK8,Doxbridge Pre-WUDC 2022 Round 1,"THS the transition of media coverage of sports to social media (e.g. athletes promoting themselves on social media, sports associations streaming games for free online) at the expense of traditional sports journalism (e.g. televising of games on TV, journalists providing long-form features of athletes) 1 CG 81 81 2 OG 78 79 3 OO 78 78 4 CO 76 78 The audio seems to start at 23:47 https://www.facebook.com/Doxbridge-Debating-438060400426337","culture, media, sport"
1gcfO3B0uII,Doxbridge Pre-WUDC 2022 Quarterfinals,Room: B - Argabuthon OG - UCL A[PM didn't consent to recording] OO - Lemon CG - LSE C CO - CWSDC D THBT the International Criminal Court should abolish its practice of complementarity OO and CG advanced The debate (LO speech) starts at 25:14 https://www.facebook.com/Doxbridge-Debating-438060400426337,"criminal justice system, international relation, law"
CCrGDBv6wnQ,Doxbridge Pre-WUDC 2022 Octofinals,THP a world where the norm is that people hold multiple part time jobs instead of the current norm of one full time job OO and CG advanced The debate starts at 12:41 https://www.facebook.com/Doxbridge-Debating-438060400426337,culture
GnSVqvckjqc,Doxbridge Pre-WUDC 2022 Round 5,"THW would give industry representatives (e.g unions or professional associations) a veto over political appointments made in their area of expertise (e.g. bar associations when selecting judges, teachers unions when appointing an Education Minister, etc.) 1 CG 83 81 2 OO 82 81 3 OG 80 79 4 CO 79 79 The debate starts at 3:09 https://www.facebook.com/Doxbridge-Debating-438060400426337","education, law, politics"
ZdQOGy7VG7E,National Debate Championship Diliman 2022 Grand Final,THBT citizens who had their voted candidates lost during an election should be compensated by their government should they decide to transfer citizenship to another foreign government (provided that this state accepts them) OG: DLSU C OO: UPD A CG: ADMU A CO: ADMU B CG wins https://www.facebook.com/NDCDiliman2022,politics
8z-MilT9Xxk,National Debate Championship Diliman 2022 Semifinals,THS the adoption of cryptocurrencies into states with weak fiat currencies,politics
R8mi57TV_bQ,National Debate Championship Diliman 2022 Quarter Finals,"THBT the wishes of the deceased (e.g. testamentary distributions, burial requests, organ donation designations) do not deserve legal protections. OG: UPD A OO: ADDU A CG: UPC A CO: ADMU A OG and CO progressed to the Semi https://www.facebook.com/NDCDiliman2022",law
skpEVt2DIr4,National Debate Championship Diliman 2022 Octo Finals,THBT it is in the best interest of Hungary to veto further EU sanctions on Russia OG: ADMU A OO: SBU A CG: UPC A CO: ADNU C OG and CG progressed to the Quarter https://www.facebook.com/NDCDiliman2022,
pHn2mfEU2RU,Doxbridge Worlds 2022 Open Grand Final,"Info slide: ""The mediocre life"" describes a life that is ordinary, plain, and unremarkable. Those who live mediocre lives are individuals who have not achieved significant success or failure in various areas of their lives (e.g. academic-wise, career-wise). THS the glorification of ""the mediocre life""","imaginary situation, religion"
1PEa1bFBFwQ,Pre-WSDC 2021 Grand Final (Singapore vs Hong Kong),"Info slide: Benjamin Netanyahu, has been ousted from office by a coalition of rivals, ending his 12-year run in power. Israel's new prime minister, Naftali Bennett was sworn in on Sunday after a vote of confidence with the narrowest of margins; 60 votes to 59. Bennett, the far right leader of Yamina party, will be prime minister until September 2023 as part of a power-sharing deal. He will then hand power over to Yair Lapid, head of the centrist Yesh Atid party, for a further two years. Bennett leads a self-described “government of change” that is a mix of ideologically opposed politicians from the left (Labor), the centre (Lapid), hardline Jewish religious nationalists and a small Arab Islamist party. Bennett has long opposed the two-state solution - and the cessation of military action against Hamas in the Gaza Strip. He is in support of the expansion of Jewish settlements in the West Bank and East Jerusalem. THO the ascension of Naftali Bennet to the Israeli premiership Proposition: China F Opposition: Hong Kong A Opp won https://www.facebook.com/Singapore-Pre-WSDC-2021-Tournament-106053431657221",education
HbUuO9JU9I8,Pre-WSDC 2021 Semifinals 2 (China vs Hong Kong),"Info slide: Benjamin Netanyahu, has been ousted from office by a coalition of rivals, ending his 12-year run in power. Israel's new prime minister, Naftali Bennett was sworn in on Sunday after a vote of confidence with the narrowest of margins; 60 votes to 59. Bennett, the far right leader of Yamina party, will be prime minister until September 2023 as part of a power-sharing deal. He will then hand power over to Yair Lapid, head of the centrist Yesh Atid party, for a further two years. Bennett leads a self-described “government of change” that is a mix of ideologically opposed politicians from the left (Labor), the centre (Lapid), hardline Jewish religious nationalists and a small Arab Islamist party. Bennett has long opposed the two-state solution - and the cessation of military action against Hamas in the Gaza Strip. He is in support of the expansion of Jewish settlements in the West Bank and East Jerusalem. THO the ascension of Naftali Bennet to the Israeli premiership Proposition: Team Pakistan Opposition: Singapore Opp won https://www.facebook.com/Singapore-Pre-WSDC-2021-Tournament-106053431657221","culture, economics, international relation, military, politics, religion"
HnNvru9gv7w,Pre-WSDC 2021 Semifinals 1 (Pakistan vs Singapore),Workshop on Prominent Debates in Religion given by Hamza Tariq Chaudhry https://www.facebook.com/lsedebate/?ref=page_internal,"culture, economics, international relation, military, politics, religion"
3Ut7xUb1j2o,Religion Workshop with Hamza Tariq Chaudhry,"THP a world where, after COVID-19 is no longer a threat to public health and safety, remote work remains the norm",religion
tcfMGIIzNi0,LSE Open 2021 Round 2,THR modern medicine's prioritisation of longevity over quality of life (e.g. extending lifespan vs. palliative care),medical
cC4odKuaqNU,LSE Open 2021 Round 1,THBT the Philippine opposition should employ a campaign based on issues as opposed to an Anti-Duterte campaign. Aki-Wanto Chan (GOV) vs ADMU bHebeHKowWhZz (OPP) GOV PM/GR - Ted Chang DPM - Connor Akiyama GW - Judah Purwanto OPP LO - David Africa DLO/OR - Mikko Vitug OW - Luigi Alcaneses,politics
XXwjCSVm5LA,Viyasas IV 2021 Grand Final,"VIV 2021 [OPEN SEMI-FINALS] Infoslide: Stop and Frisk is a practice by the police wherein officers would pat down and search individuals that the officer suspects to be armed, engaged in, or is about to engage in criminal conduct. The officer is allowed to confiscate weapons or contraband if any are found, and arrest the individuals who are found to be carrying them without authorization. Motion: THW ban stop and frisk ADMU bHebeHKowWhZz vs UPD AHS GOV PM: David Africa DPM: Mikko Vitug GW: Luigi Alcaneses GR: Mikko Vitug OPP LO: Carlos Sulit DLO: Bea Legaspi OW: CJ Carlos OR: Bea Legaspi",
-oOzFvrQrpg,Visayas IV 2021 Semi Finals,"THS the creation of Facebook metaverse Infoslide: Mark Zuckerberg recently announced their ambition to transform Facebook into a metaverse that seeks to actively replace social, workplace and entertainment spaces. The metaverse uses augmented reality technology to create a virtual environment where users can be present with others in digital spaces. These users are seemingly immersed in these spaces rather than just looking at them. No sole company can create and run a metaverse. Its success would rely on the cooperation and immutable record-keeping among Facebook and other companies","criminal justice system, military"
LMXVMsrDd6U,PIDC 2021 Semi Finals Ateneo A vs Ateneo B,THBT the US should employ further quantitative easing as opposed to increased spending on stimulus and relief packages to recover from the effects of the COVID-19 pandemic,"environment, international relation, technology"
ribo6vdRcCQ,PIDC 2021 Quarter Finals UPLB A vs Ateneo A,THO the dominant narrative that acquiring forgiveness is essential in order for a flawed person to achieve redemption. Teams:,
1KwkQtJfBGM,Taylor's Debate Open 2021 Grand Final,"THBT South American countries should no longer co-operate with the USA's ""War on Drugs"" OG: BRAC A OO: LSE B CG: McGill A CO: KCL A 1 OG 2 CG 3 OO 4 CO","international relation, law, narrative"
Yi-ixUgQSCY,Cambridge IV 2021 Round 4,THW require all marriages to stipulate specific expectations and obligations of spouses OO wins,conflict
busPlIIMmQs,NEADC 2021 Open Grand Final,THW out the religious leader,politics
cOudIRuwH3Q,NEADC 2020 Grand Final,THBT it is morally legitimate for members of ethnic minorities to fabricate their educational and work experience to acquire jobs China A (prop) vs China B (opp) Gov won with 5-2 split PM: Linden Li LO: Grace Tan DPM: Jacquelynn Lin DLO: Brian Li GW: Matt Song (GF Best Speaker with 4-2-1 split) OW: Evan Shen OR: Brian Li GR: Liden Li,"culture, international relation, law, religion"
5WHTtpI7fl8,Macau WSDC 2019 Grand Final China A vs China B,"THS aggressive, targeted sanctions on high-ranking Myanmar military officials China A (prop) vs Korea A (opp) Winner: Prop","education, philosophy"
RBZYtBZaFZs,Macau WSDC 2019 Round 4 China A vs Korea A,"This House Believes That music streaming platforms and radio stations should not place restrictions on musicians who are credibly accused of committing illegal acts (e.g. Michael Jackson, R. Kelly)",military
SPAdfcgHLsI,Macau WSDC 2019 Round 3 China A,"This House Believes That the Feminist Movement in conservative societies should prioritize achieving legal/formative changes (e.g. minimum wage laws, right to drive, access to higher education) over changes to social norms and perceptions (e.g. women as sexually liberated, women viewed as capable and competent) China B (prop) vs China A (opp) Winner: Opp",law
EFiRvYvrUUE,Macau WSDC 2019 Round 5 China A vs China B,This house believes that it is a legitimate tactic for activists to launch campaigns of personal attacks/insults at the family members of corrupt politicians,"education, law"
iCGpUH29ncQ,Bali UADC 2021 EFL Grand Final,"INFO SLIDE: The literal meaning of Jihad is struggle or effort. Muslims use the word Jihad to describe three different kinds of struggle namely a believer's internal struggle to live out the Muslim faith as well as possible, the struggle to live as a good Muslim society and the struggle to defend Islam, with force if necessary. The term has been more infamously and commonly associated with Islamist fundamentalists, to refer to the instances of violent resistance and militaristic pursuits to defend the faith. This house believes that moderate Muslims should refrain from attempting to reclaim the term jihad in the aftermath of terrorist attacks","politics, social movement"
hT_OBl8vbfs,UADC 2021 Open Grand Final,"THS militaries with strong nationalist ideologies over militaries that see themselves as autonomous, professional bodies. Opp wins","military, religion"
BSNicw4uYKA,UADC 2020 Grand Final,"Open Quarter-Final I Bangladesh UADC 2020 Government: IIT Bombay 2 Opposition: Ateneo de Manila 1 Chair: Sourodip Paul Panel: Amrit Agastia, Tamkeen Nawab TH prefers a world in which the conception of sin in Abrahamic religions is entirely a result of human agency as opposed to temptation of the devil. Opp wins","military, politics"
zedO2PiDJz0,UADC 2020 Quarter Finals,Open Final - Chris Building Teams:,"politics, religion"
CZMgmKUP-i4,KCL Open 2021 Grand Final,"TH, as Saudi Arabia, would like for stronger ties with China at the expense of USA Opp wins","criminal justice system, law, politics"
TGGg3jlhaKg,UADC 2020 Octo Finals,This House regrets the narrative that the empowerment of historically oppressed communities is an intergenerational obligation for members of that community,politics
5fpYb5QqpMY,Sydney Mini 2020 Grand Final,"Info slide: A 'private city' is a city that is owned, developed, and operated exclusively by private individuals and/or organizations (usually companies). Within the city, the operators provide all public services and have some power to establish their own sets of rules that differ from the laws of the country it is in. THS the rise of private cities in the developing world MG 84 MO 80 GW 83 OW 79",narrative
w-1mFL_uU1o,LSE Open 2021 Round 5,"This House Supports the rise of private cities in the developing world (A 'private city' is a city that is owned, developed, and operated exclusively by private individuals and/or organizations (usually companies). Within the city, the operators provide all public services and have some power to establish their own sets of rules that differ from the laws of the country it is in.) OG - UPD LS (Miggy Sulit, Bea Legaspi) OO - Belgrade LM (Milos Marjanovic, Katarina Lazic) CG - Rachel and Lucía (Rachel O'Nunain, Lucía Arce Cubas) CO - Taylors A (Har Naveenjeet Singh, Ploopy) MG 83 MO 84 GW 85 OW 83","development, law"
apAPHapPA-E,LSE Open 2021 Round 5B (Closing only),Open Quarterfinals Room 1 Teams:,"development, law"
Jnm1UfBJ3B8,Princeton IV 2021 Quarter Finals,"THP a world where individuals treated everybody as though they carry equal moral weight, rather than a world where they treated their surrounding community as though they carry more moral weight OG wins","law, media, politics, social movement"
kZw07BD5Z-0,Princeton IV 2021 Grand Final,"This House Prefers a world where, after COVID-19 is no longer a threat to public health and safety, remote work remains the norm OG - Cambridge HJ (Jonathan Yap, Han Yang Goh) OO - ESLin' in LSE (Tamar Ben Meir, Ido Kotler) CG - Money can't buy you happiness (Matt Hazell, John Papantoniou) CO - Ateneo VV (Mikko Vitug, Ignacio Villareal) 1 CO 85 86 2 CG 86 84 3 OO 84 84 4 OG 84 82",philosophy
DzWv0vetnd0,LSE Open 2021 Round 2,"This House would ban users from selling their data to companies in exchange for financial returns (i.e. receiving fixed monthly rates, dividends, etc., for the use of their data by companies) Proposition: Hong Kong Opposition: Australia Prop wins",medical
9eCLY8TYHVw,Macau Online WSDC 2021 Octo Finals 4 (Hong Kong vs Australia),"This House would ban users from selling their data to companies in exchange for financial returns (i.e. receiving fixed monthly rates, dividends, etc., for the use of their data by companies) Proposition: Lithuania Opposition: Malaysia Opp wins",politics
7nDdyYP3BVk,Macau Online WSDC 2021 Octo Finals 5 (Lithuania vs Malaysia),"THS periodic, fixed-date constitutional conventions in constitutional democracies",politics
k_UXsKYo1VQ,Macau Online WSDC 2021 Octo Finals 1 (Sri Lanka vs Canada),"Info slide: 'Political consumerism' refers to people making choices about what to consume based on the politics of the company in question (e.g. boycotting Chick-Fil-A for its stance against abortion, not buying from Ben&Jerry because they advocated for gay marriage) THO 'political consumerism' PM 85 LO 83 DPM 84 DLO 83 MG 83","law, politics"
440-yx9tFPg,LSE Open 2021 Round 4,This House objects to the giving of international military aid Proposition: Canada Opposition: China Prop wins,politics
PIploGXuYAY,Macau Online WSDC 2021 Quarter Finals (Canada vs China),This House believes that the government should withhold information that is likely to damage market confidence Proposition: Japan Opposition: USA Opp wins,"development, international relation, military"
RvY0G95iFeU,Macau Online WSDC 2021 PDO (Japan vs USA),THW require no-fee brokerages (e.g. Robinhood) to introduce a minimum asset threshold for all investors Opening win,"economics, politics"
FzFqEGvHHJQ,LSE Open 2021 Quarter Finals,"This House supports periodic, fixed-date constitutional conventions in constitutional democracies Proposition: China Opposition: The Netherlands Prop wins",politics
jsxg0v2In4U,Macau Online WSDC 2021 Octo Finals 3 (China vs the Netherlands),This House regrets the Westernization of the elites in post-colonial countries,"law, politics"
GK5vsH01cDA,Macau Online WSDC 2021 Quarter Finals 2 (Malaysia vs Singapore),"This House supports periodic, fixed-date constitutional conventions in constitutional democracies Proposition: South Africa Opposition: Romania Opp wins",politics
SJsigF16Q3s,Macau Online WSDC 2021 Octo Finals 2 (South Africa vs Romania),THS the trend of long-term romantic couples living apart (i.e. at separate residential addresses) 1 OO 83 82 2 CO 82 82 3 CG 80 81 4 OG 79 77,"law, politics"
BqQR_mCjUgM,Doxbridge 4 Round 2,"THBT national legislatures should apportion electoral representation by age group, rather than geographical area OG - Princeton A OO - Ateneo AV CG - Brac A CO - Oxford A 1 CG 82 81 2 OO 81 81 3 OG 80 81 4 CO 78 79",culture
6Mj-bOzGYLU,Cambridge IV 2021 Round 5,"This House would nationalise* the research, development, and distribution of pharmaceuticals *To nationalise means to transfer from private or regional ownership and control to state/government ownership and control. Proposition: Canada Opposition: Singapore Prop wins",politics
9OkLZNeOMK0,Macau Online WSDC 2021 Semifinals (Singapore vs Canada),"INFO SLIDE: Transhumanism is a movement that endorses the study and creation of technologies to modify the body, with the aim of surpassing natural limits to human abilities (e.g to senses, thinking, control of emotions, health or longevity) (Hays, 2018). THO transhumanism OG - BRAC A (Sajid Sabat Khandaker & Sourodip Paul) OO - Imperial A (Rhys Steele & Chris Mentis Cavaris) CG - McGill A (Naomi Panovka & Max Rosen) CO - Ateneo AV (Mikko Vitug & David Africa) OG wins on 3-2 split Debate starts at 16:27","development, politics"
wFYDsFrd_Po,Cambridge IV 2021 Grand Final,THBT political parties should be able to replace their elected members at any point during their term in office OO and CG win,"environment, medical, technology"
dwAhU0u5AcI,Doxbridge 4 Quarter Finals,"THW, as major sporting associations of female dominated sports (e.g. netball, gymnastics, beach volleyball, figure skating), focus our marketing/recruitment on expanding men’s participation 1 CG 80 79 2 OO 79 79 3 CO 79 78 4 OG 77 76","culture, politics"
WXLx-Z_8z6s,Doxbridge 4 Round 1,This House Believes That international development institutions (e.g. the World Bank) should not finance natural resource extraction projects in corrupt states. 1 OO 82 81 2 CG 81 81 3 CO 80 80 4 OG 79 78,"economics, sport"
_8KF10g_Nuo,Doxbridge 4 Round 5,"THBT it is in the interest of China to continue pushing for the internationalisation of the yuan Info: Presently, China is utilizing a variety of measures to push for the Yuan to become a global reserve currency. A reserve currency is a foreign currency that is held in significant quantities by central banks or other monetary authorities as part of their foreign exchange reserves. The reserve currency can be used in international transactions, international investments and all aspects of the global economy. These measures by China include: including conducting bilateral trade and investment in Yuan rather than USD, creating alternative banking systems, making it easier to conduct international transactions outside of USD, and gradually alleviating capital controls (regulations that restrict or prohibit the movement of capital across national borders). 1 OG 82 82 2 CG 81 80 3 OO 78 79 4 CO 76 76","development, economics, environment, international relation"
-g64rPvHGAo,Doxbridge 4 Round 3,This House Believes That Black Lives Matter should closely integrate the black church and elements of black liberation theology (the narrative that liberating the oppressed is the core of Christian doctrine) into its organisational structure and doctrines. Opening win,"culture, economics, international relation"
-6RacXkX6TQ,Doxbridge 4 Octo Finals,"TH, as DoxGaming, would continue development on 'DoxTastic 2077' rather than 'DoxBot 420' CG wins","economics, narrative, religion"
MoynLyIBhF4,Doxbridge 4 Grand Final,THBT feminist movements in the West should refrain from getting involved in the fight for empowerment in developing nations. • OG - LSE A PM- Taha Iqbal DPM- Hamza Tariq Chowdhury • OO - Princeton/ Stanford LO- Enshia Li DLO- Xiao Ke Lu • CG - BRAC 1 MG- Aliya Fairuz GW- Nayara Noor • CO - RCVE A MO- Neel Bhandari OW- Shuvam Mitra Judge panel of the Global finals: • Ahmad Tousif Jami (c) • Rosy • Njuguna Macharia • Labib Zaman • Jonathan Tuliao • More info at https://dhaka.oicyouthcapital.com/debate-competition,"culture, development, environment, international relation"
zFA_QSfXkOo,Global Phase Finals of Bangabandhu Dhaka International Debate Fest for The Dhaka OIC,"THW use the Sweden Pill in Country X Info slide: Political Scientist Michael Walzer constructs a thought experiment in which the Swedish government ‘had in its possession a wondrous chemical which, if introduced into the water supply of Country X, would turn all citizens, elites and masses, into Swedish-style social democrats.’ These Country X citizens face ‘a military dictatorship and a religious ""republic,"" without civil and political liberties, and brutally repressive, not only because a new political elite has established itself and resists all challenges but also because women have been returned to their traditional religious subordination to patriarchal authority.’ The pill would ‘provide them with the knowledge, capacity, and will to create a new regime in which basic security rights, political and civil liberties too, would be respected, women would be treated as equals and so on.’ He finds such an intervention to be morally unacceptable, ‘as the historical religion and politics of the people’ in which the authoritarian government is grounded, ‘are values for the people of Country X.’ Closing win","development, international relation, law"
67KeqiiiM0w,Doxbridge 4 Semi Finals,"Cambridge IV Round 3 - Alumna (Newton) NUS LN, UCLA ZJ, Yale QC, LUMS A","culture, military, philosophy, politics, religion"
NsgXAb6XEVs,Cambridge IV 2020 Round 3,"THW adopt 'whole life desert' considerations for criminal sentences. Info Slide: Under 'whole life desert', criminal sentences start as 'maximums' that can be infinitely mitigated by someone's life circumstances, such that persons who commit similar crimes are punished in a way that they experience the same level of utility across their 'whole lives'. For example, an individual who has had a hard life would receive a lighter murder sentence than an individual raised in relative privilege. 1 OG 80 82 2 CO 78 81 3 OO 77 75 4 CG 75 75",
ls4ReSzO_VI,Doxbridge 5 Round 3,THO the EU's decision to cut funding given to member states as a penalty for passing policies deemed to be against 'EU values' OG LSE Uranus OO Lukashenko Skywalkerov and Hanasta CG Is Moss an Endangered Species? CO Ateneo AV 1 CO 82 82 2 OG 80 81 3 OO 80 79 4 CG 78 78,"criminal justice system, culture"
aZMcr3kYXSs,Doxbridge 5 Round 4,"This House Regrets the practice of religiously obliged alms-giving (e.g. Zakat, tithing, maaser, dana). 1 CO 84 84 2 CG 84 83 3 OO 83 83 4 OG 82 81",politics
t2UF5iSubw4,Doxbridge 5 Round5,"Shanghai (SIDO) - Hanoi ABP 2021 Open Grand Final Info slide: The ""closed off"" model refers to a way of life where individuals are more protective of themselves, do not express their emotions much and tend to not give away personal details about themselves. The ""openness"" model refers to a way of life where individuals freely express their emotions, tend to share personal information with acquaintances and friends (even if not close) and are more emotionally vulnerable. This House prefers to live as a person who adopted the ""closed off"" model",religion
kN2YcVis7F4,ABP 2021 Grand Final,"THR the increasing popularity of buy-now-pay-later services eg Afterpay, Affirm, Klarna, etc Opp win",media
oFtIfWYM99E,Doxbridge 5 Quarter Finals,"Room: Dagobah OG: Yale BN OO: we're transitioning to become cats CG: Lukashenko Skywalkerov and Hanastas Solov CO: LSE/McGill CP Buy-now-pay-later companies partner with retailers to offer shoppers the option of paying for their purchases in interest-free instalments, while charging late fees for missed payments. Market surveys suggest their increasing popularity; for example, some claim that around half of all US consumers have used such a service. THR the increasing popularity of buy-now-pay-later services eg Afterpay, Affirm, Klarna, etc Opp win",economics